-- phpMyAdmin SQL Dump
-- version 5.2.0
-- https://www.phpmyadmin.net/
--
-- Host: 127.0.0.1
-- Generation Time: Jun 02, 2023 at 04:42 AM
-- Server version: 10.4.27-MariaDB
-- PHP Version: 7.4.33

SET SQL_MODE = "NO_AUTO_VALUE_ON_ZERO";
START TRANSACTION;
SET time_zone = "+00:00";


/*!40101 SET @OLD_CHARACTER_SET_CLIENT=@@CHARACTER_SET_CLIENT */;
/*!40101 SET @OLD_CHARACTER_SET_RESULTS=@@CHARACTER_SET_RESULTS */;
/*!40101 SET @OLD_COLLATION_CONNECTION=@@COLLATION_CONNECTION */;
/*!40101 SET NAMES utf8mb4 */;

--
-- Database: `eds_db`
--

-- --------------------------------------------------------

--
-- Table structure for table `classtbl`
--

CREATE TABLE `classtbl` (
  `class_id` int(11) NOT NULL,
  `class_name` varchar(255) DEFAULT NULL,
  `class_limit` int(11) DEFAULT NULL,
  `class_time` varchar(255) NOT NULL,
  `teacher_id` int(11) DEFAULT NULL
) ENGINE=InnoDB DEFAULT CHARSET=utf8 COLLATE=utf8_general_ci;

-- --------------------------------------------------------

--
-- Table structure for table `department`
--

CREATE TABLE `department` (
  `dep_id` int(12) NOT NULL,
  `dep_name` varchar(100) NOT NULL
) ENGINE=InnoDB DEFAULT CHARSET=utf8 COLLATE=utf8_unicode_ci;

--
-- Dumping data for table `department`
--

INSERT INTO `department` (`dep_id`, `dep_name`) VALUES
(1, 'อิเล็กทรอนิกส์อุตสาหกรรม '),
(2, 'ไฟฟ้ากำลัง '),
(3, 'นักพัฒนาซอฟต์แวร์คอมพิวเตอร์ '),
(4, 'เทคโนโลยีวิศวกรรมซ่อมบำรุงอุตสาหกรรม '),
(5, 'เทคโนโลยีงานเชื่อมโครงสร้างโลหะ '),
(6, 'เทคนิคสถาปัตยกรรม '),
(7, 'เทคนิคยานยนต์ '),
(8, 'เครื่องมือกล '),
(9, 'คอมพิวเตอร์ฮาร์ดแวร์ '),
(10, 'การจัดการโลจิสติกส์และซัพพลายเชน '),
(11, 'ก่อสร้าง '),
(12, 'โยธา');

-- --------------------------------------------------------

--
-- Table structure for table `news`
--

CREATE TABLE `news` (
  `n_id` int(11) NOT NULL,
  `n_name` varchar(255) DEFAULT NULL,
  `n_detail` varchar(255) DEFAULT NULL
) ENGINE=InnoDB DEFAULT CHARSET=utf8 COLLATE=utf8_general_ci;

-- --------------------------------------------------------

--
-- Table structure for table `stdtbl`
--

CREATE TABLE `stdtbl` (
  `std_id` varchar(20) NOT NULL,
  `std_name` varchar(255) DEFAULT NULL,
  `std_mindscore` int(100) DEFAULT NULL
) ENGINE=InnoDB DEFAULT CHARSET=utf8 COLLATE=utf8_general_ci;

--
-- Dumping data for table `stdtbl`
--

INSERT INTO `stdtbl` (`std_id`, `std_name`, `std_mindscore`) VALUES
('64209010026', 'นายเตชสิทธิ์ แก้ววิเชียร', 100),
('64209010027', 'นายคชาม์ สร้อยศรี', 100),
('64209010028', 'นายทรงพล คำภูมี', 100),
('64209010030', 'นายกิตติชัย รักษาวงค์', 100),
('64209010031', 'นายสุทธิชัย ตะกรุดโฉม', 100),
('64209010032', 'นายพัชรพล ธรเสนา', 100),
('64209010033', 'นายบงกชเพชร ยอดกระโทก', 100),
('64209010034', 'นายธีรศักดิ์ พลเมืองนิตย์', 100),
('64209010036', 'นายภูชิต สายวิชัย', 100),
('64209010037', 'นายธนาคิม สีหานาทัง', 100),
('64209010038', 'นายชนากานต์ พงษ์สุทธิ์', 100),
('64209010039', 'นางสาวภัคจิรา ญาติสังกัด', 100),
('64209010042', 'นายศิวนาถ ธนทรัพย์อำไพ', 100),
('64209010045', 'นายชนาธิป ปัทมวงศ์จริยา', 100),
('64209010046', 'นางสาวอริสา ม่วงเมืองแสน', 100),
('64209010047', 'นายศิริวัฒน์ อุทัยมาตย์', 100),
('64209010048', 'นายพันธกร โพพะนา', 100),
('64209010049', 'นายธนัตปรีชา มังคลานิมิตร', 100),
('64209010050', 'นายธนกฤต แสนเมือง', 100);

-- --------------------------------------------------------

--
-- Table structure for table `student`
--

CREATE TABLE `student` (
  `no_id` int(11) NOT NULL,
  `std_id` varchar(20) NOT NULL,
  `fullname` varchar(100) NOT NULL,
  `address` text NOT NULL,
  `tel` varchar(12) NOT NULL,
  `dep_id` int(12) NOT NULL,
  `grp` int(11) NOT NULL
) ENGINE=InnoDB DEFAULT CHARSET=utf8 COLLATE=utf8_unicode_ci;

--
-- Dumping data for table `student`
--

INSERT INTO `student` (`no_id`, `std_id`, `fullname`, `address`, `tel`, `dep_id`, `grp`) VALUES
(1, '64301010001', 'พนมพร อินลา', '-93 หมู่ที่ 5 ถนน - ต.นาข่า อ.เมืองอุดรธานี จ.อุดรธานี 41000', '0890572794', 7, 1),
(2, '64301010002', 'จักรกฤษณ์ ชุมสีแก้ว', '-167 หมู่ที่ 4 ถนน - ต.นาข่า อ.เมืองอุดรธานี จ.อุดรธานี 41000', '0878547712', 7, 1),
(3, '64301010003', 'วัชรกร แก้วขันตี', '-113 หมู่ที่ 7 ถนน - ต.นาข่า อ.เมืองอุดรธานี จ.อุดรธานี 41000', '0986583676', 7, 1),
(4, '64301010004', 'จิระศักดิ์ บัวสระ', '-94 หมู่ที่ 5 ถนน - ต.นาบัว อ.เพ็ญ จ.อุดรธานี 41150', '0932107352', 0, 0),
(5, '64301010005', 'ไชยเชษฐ์ มูลพานิชย์', '-42/1 หมู่ที่ 1 ถนน - ต.วังปลาป้อม อ.นาวัง จ.หนองบัวลำภู 39170', '0981163396', 7, 1),
(6, '64301010006', 'ุยุทธพิชัย ตันประเสริฐ', '-212 หมู่ที่ 1 ถนน - ต.หมากแข้ง อ.เมืองอุดรธานี จ.อุดรธานี 41000', '0909593500', 7, 1),
(7, '64301010007', 'ลัทธพล สาครเจริญ', '-103 หมู่ที่ 8 ถนน - ต.ทุ่งฝน อ.ทุ่งฝน จ.อุดรธานี 41310', '0801962681', 7, 1),
(8, '64301010008', 'ชณวัฒน์ อุปนัน', '-17 หมู่ที่ 5 ถนน - ต.บ้านโคก อ.สร้างคอม จ.อุดรธานี 41260', '0996993462', 7, 1),
(9, '64301010009', 'พรรพิทักษ์ เหล่าทา', '-74/4 หมู่ที่ 3 ถนน - ต.นาดี อ.เมืองอุดรธานี จ.อุดรธานี 41000', '0910365454', 7, 1),
(10, '64301010010', 'ปรเมศวร์ จิตธรรม', '-26 หมู่ที่ 16 ถนน - ต.เสอเพลอ อ.กุมภวาปี จ.อุดรธานี 41110', '0883038940', 0, 0),
(11, '64301010011', 'ณรงค์กร พัดริม', '-148/5 หมู่ที่ 1 ถนน - ต.หนองบัว อ.เมืองอุดรธานี จ.อุดรธานี 41000', 'null', 0, 0),
(12, '64301010012', 'สมบัติ ฝ่ายอากาศ', '-242 หมู่ที่ 4 ถนน - ต.หนองนาคำ อ.เมืองอุดรธานี จ.อุดรธานี 41000', '0986646863', 7, 1),
(13, '64301010013', 'ต้นน้ำ รวมธรรม', '-13 หมู่ที่ 2 ถนน - ต.หนองไผ่ อ.เมืองอุดรธานี จ.อุดรธานี 41000', '0807619201', 7, 1),
(14, '64301010014', 'จตุพร วุฒิงาม', '-19 หมู่ที่ 18 ถนน - ต.เชียงหวาง อ.เพ็ญ จ.อุดรธานี 41150', '0850097981', 7, 1),
(15, '64301010015', 'ปีเตอร์ เส็ตแตริค', '-640/16 หมู่ที่ 4 ถนน - ต.บ้านเลื่อม อ.เมืองอุดรธานี จ.อุดรธานี 41000', '0844050064', 7, 1),
(16, '64301010016', 'นิทัศน์ พรมดี', '-193 หมู่ที่ 4 ถนน - ต.สามพร้าว อ.เมืองอุดรธานี จ.อุดรธานี 41000', '0833592543', 7, 1),
(17, '64301010017', 'เสฎฐวุฒิ ศรีสุวรรณ์', '-50/1 หมู่ที่ 7 ถนน - ต.เมืองเพีย อ.กุดจับ จ.อุดรธานี 41250', '0898623818', 7, 1),
(18, '64301010018', 'ธนวัฒน์ ชาญศิลป์', '-38/11 หมู่ที่ - ถนน - ต.หมากแข้ง อ.เมืองอุดรธานี จ.อุดรธานี 41000', '0452104349', 7, 1),
(19, '64301010019', 'ศุทธวีร์ โฮงยากุล', '-30 หมู่ที่ 12 ถนน - ต.เสอเพลอ อ.กุมภวาปี จ.อุดรธานี 41110', '0868948343', 7, 1),
(20, '64301010020', 'ธนพล งามชมภู', '-67 หมู่ที่ 1 ถนน - ต.บ้านเหล่า อ.เพ็ญ จ.อุดรธานี 41150', '0652361796', 7, 1),
(21, '64301010059', 'กษิวัฒน์ อินทวี', '-1 หมู่ที่ 10 ถนน - ต.หนองนาคำ อ.เมืองอุดรธานี จ.อุดรธานี 41000', '0804759529', 7, 4),
(22, '64301010060', 'ไอยรา น้อยมะลิวัน', '-126/131 หมู่ที่ - ถนน - ต.หมากแข้ง อ.เมืองอุดรธานี จ.อุดรธานี 41000', '0807551039', 7, 4),
(23, '64301010061', 'เกียรติศักดิ์ เปี่ยมสุข', '-5 หมู่ที่ 10 ถนน - ต.หนองอ้อ อ.หนองวัวซอ จ.อุดรธานี 41220', '0879442061', 7, 4),
(24, '64301010062', 'ศุภวิทญ์ พินิจมนตรี', '-104 หมู่ที่ 2 ถนน - ต.บ้านจั่น อ.เมืองอุดรธานี จ.อุดรธานี 41000', '0862067500', 7, 4),
(25, '64301010063', 'ดนุเดช ไชยปายอด', '-133 หมู่ที่ 7 ถนน - ต.หนองไฮ อ.เมืองอุดรธานี จ.อุดรธานี 41000', '0933816156', 0, 0),
(26, '64301010064', 'อานุภาพ กัสโป', '-32 หมู่ที่ 9 ถนน - ต.นาม่วง อ.ประจักษ์ศิลปาคม จ.อุดรธานี 41110', '0612917072', 7, 4),
(27, '64301010065', 'ศิริชัย แก้วมหาชัย', '-249 หมู่ที่ 12 ถนน - ต.นาพู่ อ.เพ็ญ จ.อุดรธานี 41150', '0859251715', 7, 4),
(28, '64301010066', 'กิตติศักดิ์ คำชัย', '-151 หมู่ที่ 13 ถนน - ต.เขือน้ำ อ.บ้านผือ จ.อุดรธานี 41160', '0962073599', 7, 4),
(29, '64301010067', 'ภานุเดช อบภิรมย์', '215 หมู่ที่ 6 ถนน - ต.สามพร้าว อ.เมืองอุดรธานี จ.อุดรธานี 41000', '0624787185', 0, 0),
(30, '64301010068', 'ชัยณรงค์ ศิลารินทร์', '214 หมู่ที่ 7 ถนน - ต.นาข่า อ.เมืองอุดรธานี จ.อุดรธานี 41000', '0936900393', 7, 4),
(31, '64301010070', 'วรัญญู ศรีธรราษฎร์', '21 หมู่ที่ 4 ถนน - ต.สีออ อ.กุมภวาปี จ.อุดรธานี 41110', '0883128807', 7, 4),
(32, '64301010071', 'ลิขิต สมพันธุ์', '-549 หมู่ที่ 10 ถนน - ต.หนองนาคำ อ.เมืองอุดรธานี จ.อุดรธานี 41000', '0878027879', 7, 4),
(33, '64301010072', 'ณัฐปกรณ์ ตรีรัตน์', '263 หมู่ที่ 3 ถนน - ต.โซ่ อ.โซ่พิสัย จ.บึงกาฬ 38170', '0822297270', 0, 0),
(34, '64301010074', 'ภูชิต บัวระภา', '52 หมู่ที่ 4 ถนน - ต.บ้านหยวก อ.น้ำโสม จ.อุดรธานี 41210', 'null', 7, 4),
(35, '64301010075', 'ณัฐวุฒิ อุสุพาณิชย์', '23 หมู่ที่ 8 ถนน - ต.แชแล อ.กุมภวาปี จ.อุดรธานี 41110', 'null', 0, 0),
(36, '64301010076', 'อนุวัฒน์ พลเวียง', '134 หมู่ที่ 13 ถนน - ต.บ้านเชียง อ.หนองหาน จ.อุดรธานี 41130', 'null', 7, 4),
(37, '64301010077', 'อนุชิต จันทร์ธร', '35 หมู่ที่ 2 ถนน - ต.นาข่า อ.เมืองอุดรธานี จ.อุดรธานี 41000', '098-4384513', 7, 4),
(38, '64301010078', 'สัณหณัฐ คณาโรจน์', '3 หมู่ที่ 6 ถนน - ต.บ้านเชียง อ.หนองหาน จ.อุดรธานี 41130', 'null', 7, 4),
(39, '64301010079', 'คัมภีรภาพ ป้านภูมิ', '-96 หมู่ที่ 18 ถนน - ต.ฝั่งแดง อ.นากลาง จ.หนองบัวลำภู 39170', 'null', 7, 4),
(40, '64301010080', 'สุธิพงษ์ วิชาคูณ', '358/1 หมู่ที่ 13 ถนน - ต.จุมพล อ.โพนพิสัย จ.หนองคาย 43120', '0925675994', 7, 5),
(41, '64301010081', 'วิศรุต คุณล้าน', '-3 หมู่ที่ 10 ถนน - ต.ชุมช้าง อ.โพนพิสัย จ.หนองคาย 43120', '0833260963', 7, 5),
(42, '64301010082', 'ผสมทรัพย์ สีแสนห้าว', '-82 หมู่ที่ 14 ถนน - ต.ชุมช้าง อ.โพนพิสัย จ.หนองคาย 43120', '0631464988', 7, 5),
(43, '64301010083', 'ภูธเนศ พรมบุตร', '-981 หมู่ที่ 8 ถนน - ต.หนองขอนกว้าง อ.เมืองอุดรธานี จ.อุดรธานี 41000', '0632014808', 7, 5),
(44, '64301010084', 'สุปราณี ศรีบุญธรรม', '86 หมู่ที่ 6 ถนน - ต.ผาสุก อ.วังสามหมอ จ.อุดรธานี 41280', '0934781325', 7, 5),
(45, '64301010085', 'กฤษดา เคหาไสย', '81 หมู่ที่ 13 ถนน - ต.บ้านตาด อ.เมืองอุดรธานี จ.อุดรธานี 41000', '0997548618', 7, 5),
(46, '64301010086', 'กิตติศักดิ์ โพธิ์นา', '-141 หมู่ที่ 8 ถนน - ต.โคกกลาง อ.เพ็ญ จ.อุดรธานี 41150', '0654132540', 7, 5),
(47, '64301010087', 'ศุภกร โฆษิต', '-50 หมู่ที่ 3 ถนน - ต.ชุมช้าง อ.โพนพิสัย จ.หนองคาย 43120', '0868518202', 7, 5),
(48, '64301010088', 'สิทธิพร อวนอ่อน', '-42/1 หมู่ที่ 9 ถนน - ต.โคกสะอาด อ.เมืองอุดรธานี จ.อุดรธานี 41000', '0817694496', 7, 5),
(49, '64301010089', 'ศิวพัฒ โพธิ์ศรี', '-31 หมู่ที่ 16 ถนน - ต.นาข่า อ.เมืองอุดรธานี จ.อุดรธานี 41000', '0985654746', 7, 5),
(50, '64301010090', 'ธนพล ทั่งทอง', '-682/98 หมู่ที่ 14 ถนน - ต.หมากแข้ง อ.เมืองอุดรธานี จ.อุดรธานี 41000', '0817779465', 7, 5),
(51, '64301010091', 'กษิติ สร้างช้าง', '-257 หมู่ที่ 2 ถนน - ต.จุมพล อ.โพนพิสัย จ.หนองคาย 43120', '0935564381', 7, 5),
(52, '64301010092', 'พิชิตชัย ทองอาสา', '-23 หมู่ที่ 21 ถนน - ต.จุมพล อ.โพนพิสัย จ.หนองคาย 43120', '0930578678', 7, 5),
(53, '64301010093', 'ธรรมรักษ์ เอี้ยวเฮง', '-230 หมู่ที่ 5 ถนน - ต.หนองหญ้าไซ อ.วังสามหมอ จ.อุดรธานี 41280', '0803725192', 7, 5),
(54, '64301010094', 'ธนวัฒน์ พรมหาร', '-19 หมู่ที่ 8 ถนน - ต.นาสะอาด อ.สร้างคอม จ.อุดรธานี 41260', '0925532336', 7, 5),
(55, '64301010095', 'วีรวัฒน์ อำนาจรัตน์', '-178 หมู่ที่ 3 ถนน - ต.รัตนวาปี อ.รัตนวาปี จ.หนองคาย 43120', '0876701178', 7, 5),
(56, '64301010096', 'คมเพชร นาสงวน', '21 หมู่ที่ 6 ถนน - ต.ศรีธาตุ อ.ศรีธาตุ จ.อุดรธานี 41230', '0877234110', 0, 0),
(57, '64301010098', 'ชาญณรงค์ ฐานะ', '-166 หมู่ที่ -1 ถนน - ต.หนองหัวคู อ.บ้านผือ จ.อุดรธานี 41160', '0870936098', 0, 0),
(58, '64301010100', 'สุทธิพงศ์ ศุภษร', '23/1 หมู่ที่ 7 ถนน - ต.บะยาว อ.วังสามหมอ จ.อุดรธานี 41280', '093-5435032', 0, 0),
(59, '64301010149', 'พงศธร วงค์เครือสอน', '212 หมู่ที่ 10 ต.ชุมภูพร อ.ศรีวิไล จ.บึงกาฬ 38210', '096-3643575', 7, 1),
(60, '64301010151', 'สุรเดช อินธิชัย', '179 หมู่ที่ 7 ต.พระบาทนาสิงห์ อ.รัตนวาปี จ.หนองคาย 43120', 'null', 0, 0),
(61, '64301010156', 'ธนนันท์ จันทรังษี', '2 หมู่ที่ 13 ต.หนองหาน อ.หนองหาน จ.อุดรธานี 41130', '0981136696', 0, 0),
(62, '64301010158', 'เอกพล ศรีสาร', '50/1 หมู่ที่ 6 ต.ศรีวิไล อ.ศรีวิไล จ.บึงกาฬ 38210', '0930579903', 0, 0),
(63, '64301010159', 'ณัฐวุฒิ อุสุพานิชย์', '3 ต.แชแล อ.กุมภวาปี จ.อุดรธานี 41110', 'null', 0, 0),
(64, '64301010021', 'เอกภพ วินานนท์', '-192 หมู่ที่ 3 ถนน - ต.ดอนกลอย อ.พิบูลย์รักษ์ จ.อุดรธานี 41130', '0984908233', 7, 2),
(65, '64301010022', 'วีระพล บุตรด้วง', '-187 หมู่ที่ 9 ถนน - ต.เพ็ญ อ.เพ็ญ จ.อุดรธานี 41150', '0981292021', 7, 2),
(66, '64301010023', 'ณรงค์ ชะนะเคน', '-81 หมู่ที่ 13 ถนน - ต.ธาตุพนม อ.ธาตุพนม จ.นครพนม 48110', '0807205048', 7, 2),
(67, '64301010024', 'ชนะศักดิ์ บุญสร้าง', '-73 หมู่ที่ 2 ถนน - ต.โนนทัน อ.เมืองหนองบัวลำภู จ.หนองบัวลำภู 39000', '0610319065', 7, 2),
(68, '64301010025', 'ประกาศชัย สมสอง', '-285 หมู่ที่ 6 ถนน - ต.กุดสระ อ.เมืองอุดรธานี จ.อุดรธานี 41000', '0832408443', 7, 2),
(69, '64301010026', 'นนทวัฒน์ จันสุข', '-200 หมู่ที่ 8 ถนน - ต.โนนทัน อ.เมืองหนองบัวลำภู จ.หนองบัวลำภู 39000', '0935134531', 7, 2),
(70, '64301010027', 'วิชญ์พล ขาวหอม', '-2/17 หมู่ที่ - ถนน - ต.หมากแข้ง อ.เมืองอุดรธานี จ.อุดรธานี 41000', '0994609292', 7, 2),
(71, '64301010028', 'ชูเกียรติ กัสโป', '-7 หมู่ที่ 7 ถนน - ต.หมากแข้ง อ.เมืองอุดรธานี จ.อุดรธานี 41000', '0635862018', 7, 2),
(72, '64301010029', 'ณัชพล ไผ่รุ่ง', '330 หมู่ที่ - ถนน หมากแข้ง ต.หมากแข้ง อ.เมืองอุดรธานี จ.อุดรธานี 41000', '0968488858', 0, 0),
(73, '64301010030', 'เจษฎาภรณ์ โสนัด', '147 หมู่ที่ 4 ถนน - ต.สร้อยพร้าว อ.หนองหาน จ.อุดรธานี 41130', '096-7092894', 7, 2),
(74, '64301010031', 'เอกภพ คำนา', '-174/1 หมู่ที่ 13 ถนน - ต.เมืองใหม่ อ.ศรีบุญเรือง จ.หนองบัวลำภู 39180', '0909514355', 7, 2),
(75, '64301010032', 'ธีรภัทร วิงวอน', '-253 หมู่ที่ -16 ถนน - ต.เชียงยืน อ.เมืองอุดรธานี จ.อุดรธานี 41000', '0981427680', 7, 2),
(76, '64301010034', 'ธนนท์ นิลสุวรรณ', '-93 หมู่ที่ 1 ถนน - ต.นาคำ อ.บ้านดุง จ.อุดรธานี 41190', '0858812939', 7, 2),
(77, '64301010035', 'ทนงศักดิ์ สิมลี', '-44 หมู่ที่ 6 ถนน - ต.โนนทองอินทร์ อ.กู่แก้ว จ.อุดรธานี 41130', 'null', 0, 0),
(78, '64301010036', 'อภิสิทธิ์ จิ๋วสายแจ่ม', '-186 หมู่ที่ -1 ถนน - ต.หนองหลัก อ.ไชยวาน จ.อุดรธานี 41290', '0923178983', 7, 2),
(79, '64301010037', 'สุรชัย ละดาดาษ', '-91 หมู่ที่ 4 ถนน - ต.โนนทองอินทร์ อ.กู่แก้ว จ.อุดรธานี 41130', '0647139938', 0, 0),
(80, '64301010038', 'หัตถชัย ร่มวาปี', '263 หมู่ที่ 2 ถนน - ต.หัวนาคำ อ.ศรีธาตุ จ.อุดรธานี 41230', '085-6696470', 0, 0),
(81, '64301010039', 'อาทิตย์ เพ็งสะอาด', '87 หมู่ที่ 7 ถนน - ต.คำบง อ.บ้านผือ จ.อุดรธานี 41160', '0650966097', 0, 0),
(82, '64301010040', 'วรยุทธ ศรีวิชา', '51 หมู่ที่ 6 ถนน - ต.คำบง อ.บ้านผือ จ.อุดรธานี 41160', '0861192157', 0, 0),
(83, '64301010097', 'ธีร อนุรักษ์', '-240 หมู่ที่ -12 ถนน - ต.หายโศก อ.บ้านผือ จ.อุดรธานี 41160', '0910547342', 7, 6),
(84, '64301010099', 'ชุติมันต์ ไชยกัณหา', '-133 หมู่ที่ 1 ถนน - ต.กุดสระ อ.เมืองอุดรธานี จ.อุดรธานี 41000', '0862184673', 7, 6),
(85, '64301010101', 'ภวัชชัย แสงมืด', '60 หมู่ที่ 11 ถนน - ต.นาหนัง อ.โพนพิสัย จ.หนองคาย 43120', '097-0763551', 7, 6),
(86, '64301010102', 'เกรียงไกร เสนาลา', '174 หมู่ที่ 8 ถนน - ต.โนนม่วง อ.ศรีบุญเรือง จ.หนองบัวลำภู 39180', '0821156773', 0, 0),
(87, '64301010103', 'ธาราดร รัตนเพชร', '137 หมู่ที่ 1 ถนน - ต.นาเหล่า อ.นาวัง จ.หนองบัวลำภู 39170', '088-3636826', 0, 0),
(88, '64301010104', 'ณัฐพงษ์ บุญศิริชัย', '94 หมู่ที่ 6 ถนน - ต.ผาอินทร์แปลง อ.เอราวัณ จ.เลย 42220', '091-4217099', 0, 0),
(89, '64301010105', 'อานนท์ ราชเจริญ', '38 หมู่ที่ 1 ถนน - ต.วังทอง อ.นาวัง จ.หนองบัวลำภู 39170', '0853965713', 0, 0),
(90, '64301010106', 'ภคพล มุ่งเคน', '20/1 หมู่ที่ 10 ถนน - ต.ศรีธาตุ อ.ศรีธาตุ จ.อุดรธานี 41230', '0834550093', 7, 6),
(91, '64301010107', 'จักรพงษ์ นามวงษา', '126 หมู่ที่ 2 ถนน - ต.ปะโค อ.กุดจับ จ.อุดรธานี 41250', '092-4146865', 7, 6),
(92, '64301010108', 'เอกพล ไชยราช', '115 หมู่ที่ 12 ถนน - ต.บะยาว อ.วังสามหมอ จ.อุดรธานี 41280', '0960201871', 0, 0),
(93, '64301010109', 'อัญชลีกร แพงสุ่ย', '210/1 หมู่ที่ 1 ถนน - ต.นาเหล่า อ.นาวัง จ.หนองบัวลำภู 39170', '0930578199', 7, 6),
(94, '64301010110', 'วิศรุต เทียนใส', '87/13 หมู่ที่ 2 ถนน - ต.หนองบัว อ.เมืองอุดรธานี จ.อุดรธานี 41000', 'null', 7, 6),
(95, '64301010111', 'คมสันต์ ชิริโก', '60 หมู่ที่ 1 ถนน - ต.นาทม อ.ทุ่งฝน จ.อุดรธานี 41310', '0615425941', 7, 6),
(96, '64301010112', 'รณชัย จันทราสา', '38 หมู่ที่ 7 ถนน - ต.บ้านม่วง อ.บ้านดุง จ.อุดรธานี 41190', '0933936779', 7, 6),
(97, '64301010113', 'ธีระวุฒิ กุมภะวงค์', '91 หมู่ที่ 4 ถนน - ต.บะยาว อ.วังสามหมอ จ.อุดรธานี 41280', '0874264959', 7, 6),
(98, '64301010114', 'กิตติโชค ดีไร่', '122 หมู่ที่ 1 ถนน - ต.หนองไผ่ อ.เมืองอุดรธานี จ.อุดรธานี 41000', '0863279503', 0, 0),
(99, '64301010115', 'กายสิทธิ์ ไชยเพ็งจันทร์', '-47 หมู่ที่ 1 ถนน - ต.หนองหัวคู อ.บ้านผือ จ.อุดรธานี 41160', '0624877161', 7, 6),
(100, '64301010116', 'คหบดี โพธิ์ศรี', '67 หมู่ที่ 8 ถนน - ต.ดงหม้อทองใต้ อ.บ้านม่วง จ.สกลนคร 47140', '061-2987190', 0, 0),
(101, '64301010117', 'สหรัถ วงค์กะโซ่', '80 หมู่ที่ 14 ถนน - ต.คำตากล้า อ.คำตากล้า จ.สกลนคร 47250', '0801710905', 0, 0),
(102, '64301010118', 'ชินบุตร สมเพท', '237/2 หมู่ที่ 9 ถนน - ต.หมากแข้ง อ.เมืองอุดรธานี จ.อุดรธานี 41000', '0857510512', 7, 6),
(103, '64301010119', 'ชยธร ย่านกลาง', '356 หมู่ที่ 17 ถนน - ต.โพนสูง อ.บ้านดุง จ.อุดรธานี 41190', '0883334118', 7, 6),
(104, '64301010121', 'อภิวัตร หลักหนองบุ', '232 หมู่ที่ 1 ถนน - ต.สามพร้าว อ.เมืองอุดรธานี จ.อุดรธานี 41000', '0874906770', 7, 6),
(105, '64301010122', 'นนทวัฒน์ สิงห์คาล', '-197 หมู่ที่ 6 ถนน - ต.โนนหวาย อ.หนองวัวซอ จ.อุดรธานี 41220', '0812521914', 7, 6),
(106, '64301010123', 'วสุพล วรรณหอม', '152 หมู่ที่ 7 ถนน - ต.อูบมุง อ.หนองวัวซอ จ.อุดรธานี 41220', '0621340933', 0, 0),
(107, '64301010152', 'กฤษติพงษ์ ภูตาเพิด', '88 หมู่ที่ 5 ต.ฝั่งแดง อ.นากลาง จ.หนองบัวลำภู 39170', '0986191361', 0, 0),
(108, '64301010153', 'ธีรภัทร์ ฝานสถิล', '33 หมู่ที่ 5 ต.ปะโค อ.กุมภวาปี จ.อุดรธานี 41110', '065-2786308', 0, 0),
(109, '64301010154', 'ภาคิน พันธะมา', '30 หมู่ที่ 1 ต.โสมเยี่ยม อ.น้ำโสม จ.อุดรธานี 41210', '', 7, 6),
(110, '64301010157', 'ธนพล หงษ์เหลี่ยม', '344/2 หมู่ที่ 6 ต.ศรีสุทโธ อ.บ้านดุง จ.อุดรธานี 41190', '0935972412', 0, 0),
(111, '64301010041', 'ชญานนท์ สุป้อง', '20 หมู่ที่ 4 ถนน - ต.พระพุทธบาท อ.ศรีเชียงใหม่ จ.หนองคาย 43130', '0838591590', 7, 3),
(112, '64301010042', 'ธีรภัทร์ ประจงสาร', '12/5 หมู่ที่ 9 ถนน - ต.หมากแข้ง อ.เมืองอุดรธานี จ.อุดรธานี 41000', '0862397159', 7, 3),
(113, '64301010043', 'อัมรินทร์ วงศ์โยธา', '268 หมู่ที่ 2 ถนน - ต.กองนาง อ.ท่าบ่อ จ.หนองคาย 43110', 'null', 7, 3),
(114, '64301010044', 'ณัฐวุฒิ บุตรสีโคตร', '171 หมู่ที่ 17 ถนน - ต.เชียงยืน อ.เมืองอุดรธานี จ.อุดรธานี 41000', 'null', 7, 3),
(115, '64301010045', 'จักรีวัฒน์ กู่แก้ว', '208 หมู่ที่ 10 ถนน - ต.กองนาง อ.ท่าบ่อ จ.หนองคาย 43110', 'null', 7, 3),
(116, '64301010046', 'สุรชัย ไชยา', '89 หมู่ที่ 8 ถนน - ต.ขอนยูง อ.กุดจับ จ.อุดรธานี 41250', '065-8102190', 7, 3),
(117, '64301010047', 'ธราธิป ปุนนา', '-69 หมู่ที่ 3 ถนน - ต.กองนาง อ.ท่าบ่อ จ.หนองคาย 43110', 'null', 7, 3),
(118, '64301010048', 'อดิศร มีสุข', '72/8 หมู่ที่ - ถนน บ้านโนน ต.หมากแข้ง อ.เมืองอุดรธานี จ.อุดรธานี 41000', '097-3475898', 0, 0),
(119, '64301010049', 'ศรัณย์ ไชยเพ็ชร', '86 หมู่ที่ 2 ถนน - ต.บ้านจั่น อ.เมืองอุดรธานี จ.อุดรธานี 41000', '0990277117', 7, 3),
(120, '64301010050', 'ณัฐพล อุดมพงษ์', '71 หมู่ที่ 6 ถนน - ต.โพธิ์ศรีสำราญ อ.โนนสะอาด จ.อุดรธานี 41240', '0929407255', 7, 3),
(121, '64301010051', 'ศักดิ์ดา ลาไป', '51 หมู่ที่ 3 ถนน - ต.โนนทองอินทร์ อ.กู่แก้ว จ.อุดรธานี 41130', '0935271830', 7, 3),
(122, '64301010052', 'ธนกฤต วันธงชัย', '-261 หมู่ที่ 1 ถนน - ต.บ้านตาด อ.เมืองอุดรธานี จ.อุดรธานี 41000', '0905911337', 7, 3),
(123, '64301010053', 'นิติศักดิ์ หินสูงเนิน', '13 หมู่ที่ 4 ถนน - ต.บ้านโคก อ.สร้างคอม จ.อุดรธานี 41260', '0930307920', 7, 3),
(124, '64301010054', 'เกียรติศักดิ์ วงศ์คำจันทร์', '-148 หมู่ที่ 5 ถนน - ต.เชียงพิณ อ.เมืองอุดรธานี จ.อุดรธานี 41000', '0801821754', 0, 0),
(125, '64301010055', 'ธนาธร บัวภา', '211 หมู่ที่ 1 ถนน - ต.นาข่า อ.เมืองอุดรธานี จ.อุดรธานี 41000', '083-1518204', 0, 0),
(126, '64301010056', 'พชร ปรงกลาง', '13 หมู่ที่ 2 ถนน - ต.จุมพล อ.โพนพิสัย จ.หนองคาย 43120', '0985642741', 7, 3),
(127, '64301010057', 'ธีรภัทร อัคราช', '80 หมู่ที่ 4 ถนน - ต.หนองบัว อ.เมืองอุดรธานี จ.อุดรธานี 41000', '0905862507', 0, 0),
(128, '64301010058', 'ทรรศน วงศ์เจริญ', '-102/2 หมู่ที่ -14 ถนน - ต.หมากแข้ง อ.เมืองอุดรธานี จ.อุดรธานี 41000', '0896228567', 0, 0),
(129, '64301010073', 'วิวัฒน์ พันธฤทธิ์', '52 หมู่ที่ 3 ถนน - ต.โสมเยี่ยม อ.น้ำโสม จ.อุดรธานี 41210', '0887352810', 7, 3),
(130, '64301010124', 'ชลสิทธิ์ จันดำ', '48 หมู่ที่ 10 ถนน - ต.โนนหวาย อ.หนองวัวซอ จ.อุดรธานี 41220', '0958926852', 0, 0),
(131, '64301010125', 'ชาตรี บางขุนทด', '288 หมู่ที่ 11 ถนน - ต.นาหนัง อ.โพนพิสัย จ.หนองคาย 43120', '096-9967883', 7, 7),
(132, '64301010126', 'ภานุเดช นามวงษ์', '34 หมู่ที่ 2 ถนน - ต.ชุมช้าง อ.โพนพิสัย จ.หนองคาย 43120', '080-7595839', 7, 7),
(133, '64301010127', 'ปัณณวรรธ สามารถ', '191 หมู่ที่ 3 ถนน - ต.โคกกว้าง อ.บุ่งคล้า จ.บึงกาฬ 38000', '0942637745', 0, 0),
(134, '64301010128', 'จักรพงษ์ ศรีภูโรจน์', '-276 หมู่ที่ 3 ถนน - ต.หนองหัวคู อ.บ้านผือ จ.อุดรธานี 41160', '0810573466', 7, 7),
(135, '64301010129', 'วงศกร โอดพิมพ์', '28 หมู่ที่ 7 ถนน - ต.ปะโค อ.กุดจับ จ.อุดรธานี 41250', '0882404952', 7, 7),
(136, '64301010131', 'ณัฐวุฒิ คำเฉลียว', '108 หมู่ที่ 6 ถนน - ต.คำบ่อ อ.วาริชภูมิ จ.สกลนคร 47150', '0651088982', 0, 0),
(137, '64301010132', 'พีระพัฒน์ ท่าเลิศ', '-404 หมู่ที่ 5 ถนน - ต.สุวรรณคูหา อ.สุวรรณคูหา จ.หนองบัวลำภู 39270', '0982733511', 7, 7),
(138, '64301010133', 'วรเชษฎ์ วุฒิสาร', '-146 หมู่ที่ 1 ถนน - ต.คำโคกสูง อ.วังสามหมอ จ.อุดรธานี 41280', '0952514277', 0, 0),
(139, '64301010134', 'นนทกร นาสว่าง', '61/6 หมู่ที่ 1 ถนน โภคานุสรณ์ ต.หมากแข้ง อ.เมืองอุดรธานี จ.อุดรธานี 41000', '0616964153', 0, 0),
(140, '64301010135', 'ปกรณ์ ไดรยศรี', '44 หมู่ที่ 8 ถนน - ต.กองนาง อ.ท่าบ่อ จ.หนองคาย 43110', '094-3566728', 7, 7),
(141, '64301010136', 'วราวุฒิ สายสิงห์', '35 หมู่ที่ 11 ถนน - ต.เสอเพลอ อ.กุมภวาปี จ.อุดรธานี 41110', '0872142044', 0, 0),
(142, '64301010137', 'สิทธิศักดิ์ สุดใจ', '137 หมู่ที่ 3 ถนน - ต.บ้านม่วง อ.บ้านดุง จ.อุดรธานี 41190', '061-4673550', 0, 0),
(143, '64301010138', 'ศักดิ์ชาย ธรรมวงศรี', '-170/12 หมู่ที่ 5 ถนน - ต.หนองบัว อ.เมืองอุดรธานี จ.อุดรธานี 41000', '0965416377', 7, 7),
(144, '64301010139', 'ภานุพงศ์ พันธ์ศรี', '-41 หมู่ที่ -6 ถนน - ต.บ้านแป้น อ.โพนนาแก้ว จ.สกลนคร 47230', '0807441671', 7, 7),
(145, '64301010140', 'เศรษฐธร เจริญเขตร์', '104 หมู่ที่ 16 ถนน - ต.จำปี อ.ศรีธาตุ จ.อุดรธานี 41230', '063-6345857', 7, 7),
(146, '64301010141', 'ภูวนัย พรมมะดี', '-204 หมู่ที่ 10 ถนน - ต.สามพร้าว อ.เมืองอุดรธานี จ.อุดรธานี 41000', '0816575952', 0, 0),
(147, '64301010142', 'ศุภชัย คำเบ้า', '-139/2 หมู่ที่ 8 ถนน - ต.กุมภวาปี อ.กุมภวาปี จ.อุดรธานี 41110', '0854605465', 0, 0),
(148, '64301010143', 'ธีรเมธ วงษ์หาแก้ว', '-9 หมู่ที่ 10 ถนน - ต.โนนสูง อ.เมืองอุดรธานี จ.อุดรธานี 41000', '0935125871', 7, 7),
(149, '64301010145', 'สุรัตน์ เหมะธุลินทร์', '7 หมู่ที่ 2 ต.บ้านชัย อ.บ้านดุง จ.อุดรธานี 41190', 'null', 0, 0),
(150, '64301010146', 'เกียรติศักดิ์ ภูพาดแร่', '9/2 หมู่ที่ 7 ต.บะยาว อ.วังสามหมอ จ.อุดรธานี 41280', '0930968374', 0, 0),
(151, '64301010147', 'ธีรภัทธ มาตรังศรี', '158 หมู่ที่ 8 ต.นาหนัง อ.โพนพิสัย จ.หนองคาย 43120', '0854696157', 0, 0),
(152, '64301010148', 'พิชิตชัย ชาวเหนือ', '119 หมู่ที่ 2 ต.หัวนาคำ อ.ศรีธาตุ จ.อุดรธานี 41230', '0924278134', 7, 3),
(153, '64301010150', 'อนวัช แสนทรสินธิ์', '403/20 หมู่ที่ 1 ต.หมากแข้ง อ.เมืองอุดรธานี จ.อุดรธานี 41000', '088-0280842', 0, 0),
(154, '64301010155', 'อรพรรณ หารชนะ', '92 หมู่ที่ 6 ต.คำเลาะ อ.ไชยวาน จ.อุดรธานี 41290', 'null', 0, 0),
(155, '64301010160', 'ธนาธร บัวภา', '1 ต.นาข่า อ.เมืองอุดรธานี จ.อุดรธานี 41000', 'null', 0, 0),
(156, '64301010161', 'ธีรภัทร อัคราช', '4 ต.หนองบัว อ.เมืองอุดรธานี จ.อุดรธานี 41000', 'null', 0, 0),
(157, '64301020001', 'จีราวัฒน์ พีรจรัสภัทร์', '-125 หมู่ที่ 65 ถนน ศรีชมชื่น ต.หมากแข้ง อ.เมืองอุดรธานี จ.อุดรธานี 41000', '063-2242295', 0, 0),
(158, '64301020002', 'ธนวัฒน์ ปัญหาผล', '124/1 หมู่ที่ 2 ถนน - ต.หนองวัวซอ อ.หนองวัวซอ จ.อุดรธานี 41220', '080-7350312', 8, 1),
(159, '64301020003', 'อโนทร มีแก้ว', '130 หมู่ที่ 5 ถนน - ต.บ้านว่าน อ.ท่าบ่อ จ.หนองคาย 43110', '087-0403945', 8, 1),
(160, '64301020004', 'กิตติธัช นามแสง', '124 หมู่ที่ 1 ถนน - ต.นากว้าง อ.เมืองอุดรธานี จ.อุดรธานี 41000', '061-1366402', 8, 1),
(161, '64301020005', 'สืบพงษ์ สุระคาย', '60 หมู่ที่ 4 ถนน - ต.บ้านธาตุ อ.เพ็ญ จ.อุดรธานี 41150', '064-2906479', 8, 1),
(162, '64301020006', 'ธนบรรณ ศรียาคะบุตร', '221/1 หมู่ที่ 18 ถนน - ต.เชียงยืน อ.เมืองอุดรธานี จ.อุดรธานี 41000', '085-7567483', 8, 1),
(163, '64301020007', 'อรรถชัย ดอนเหนือ', '90 หมู่ที่ 4 ถนน - ต.สามพร้าว อ.เมืองอุดรธานี จ.อุดรธานี 41000', '098-5869359', 8, 1),
(164, '64301020008', 'อนุชาติ ไชยแสง', '74 หมู่ที่ 11 ถนน - ต.กุดหมากไฟ อ.หนองวัวซอ จ.อุดรธานี 41220', '087-2219235', 8, 1),
(165, '64301020009', 'อัศวิน พลสรรค์', '15 หมู่ที่ 5 ถนน - ต.บ้านว่าน อ.ท่าบ่อ จ.หนองคาย 43110', 'null', 8, 1),
(166, '64301020010', 'ธันวา ทองจันทร์', '44 หมู่ที่ 5 ถนน - ต.นาข่า อ.เมืองอุดรธานี จ.อุดรธานี 41000', '080-1753963', 8, 1),
(167, '64301020011', 'ปิยะวัฒน์ จันสุข', '71 หมู่ที่ 4 ถนน - ต.บ้านโคก อ.สร้างคอม จ.อุดรธานี 41260', '061-0523294', 8, 1),
(168, '64301020012', 'พัฒนะวัฒน์ เสงี่ยมวัฒนะ', '161/1 หมู่ที่ 3 ถนน - ต.หนองบัว อ.เมืองอุดรธานี จ.อุดรธานี 41000', '099-3065892', 8, 1),
(169, '64301020013', 'ธีรภัทร โคตรชมภู', '67 หมู่ที่ 7 ถนน - ต.คอกช้าง อ.สระใคร จ.หนองคาย 43100', '061-6308336', 8, 1),
(170, '64301020014', 'ชาคริต โสโท', '221 หมู่ที่ 11 ถนน - ต.หนองไฮ อ.เมืองอุดรธานี จ.อุดรธานี 41000', '098-5955981', 8, 1),
(171, '64301020015', 'ภูมิพัฒน์ สีดาเกลี้ยง', '-116 หมู่ที่ 3 ถนน - ต.โพธิ์ศรีสำราญ อ.โนนสะอาด จ.อุดรธานี 41240', '064-6505192', 8, 1),
(172, '64301020016', 'ธีระวัฒน์ อินลา', '54/1 หมู่ที่ 7 ถนน - ต.บ้านขาว อ.เมืองอุดรธานี จ.อุดรธานี 41000', 'null', 8, 1),
(173, '64301020018', 'เกียรติชัย ต้นสวรรค์', '109 หมู่ที่ 18 ถนน - ต.หนองนาคำ อ.เมืองอุดรธานี จ.อุดรธานี 41000', 'null', 8, 1),
(174, '64301020019', 'คงคา สนขู่', '281 หมู่ที่ 15 ถนน - ต.หนองไฮ อ.เมืองอุดรธานี จ.อุดรธานี 41000', '062-1619751', 0, 0),
(175, '64301020020', 'ศศิธร ศรีสว่าง', '152 หมู่ที่ 8 ถนน - ต.ผักตบ อ.หนองหาน จ.อุดรธานี 41130', '088-0283744', 0, 0),
(176, '64301020074', 'ปิยะพงษ์ สรวงศิริ', '102 หมู่ที่ 4 ถนน - ต.หนองกุงศรี อ.โนนสะอาด จ.อุดรธานี 41240', '093-0800260', 8, 5),
(177, '64301020075', 'สุรพัฒน์ ศรีหลวงเทพ', '200 หมู่ที่ 15 ถนน - ต.ปะโค อ.กุมภวาปี จ.อุดรธานี 41110', '090-4037883', 8, 5),
(178, '64301020076', 'ณัฐพล สอนสุภาพ', '111 หมู่ที่ 14 ถนน - ต.พานพร้าว อ.ศรีเชียงใหม่ จ.หนองคาย 43130', '082-3022256', 8, 5),
(179, '64301020077', 'ธนวัฒน์ หลักคำ', '226 หมู่ที่ 6 ถนน - ต.บะยาว อ.วังสามหมอ จ.อุดรธานี 41280', '080-0067441', 8, 5),
(180, '64301020078', 'พิภพ จูนนา', '9 หมู่ที่ 1 ถนน - ต.กุดผึ้ง อ.สุวรรณคูหา จ.หนองบัวลำภู 39270', '085-3527442', 8, 5),
(181, '64301020079', 'ทนงศักดิ์ คำเทพ', '91 หมู่ที่ 5 ถนน - ต.โคกกลาง อ.เพ็ญ จ.อุดรธานี 41150', '093-4049189', 8, 5),
(182, '64301020080', 'ชิณวัตร เหมือยพรหม', '10 หมู่ที่ 1 ถนน - ต.นายูง อ.ศรีธาตุ จ.อุดรธานี 41230', '065-0035745', 8, 5),
(183, '64301020081', 'กิตติศักดิ์ กระบือคุณ', '50 หมู่ที่ 5 ถนน - ต.โคกสะอาด อ.เมืองอุดรธานี จ.อุดรธานี 41000', '087-2256714', 8, 5),
(184, '64301020082', 'พรพิชัย ธรรมศรี', '295 หมู่ที่ 3 ถนน - ต.ห้วยต้อน อ.เมืองชัยภูมิ จ.ชัยภูมิ 36000', '064-3965768', 0, 0),
(185, '64301020083', 'วัชรพงษ์ สาเจียร', '54 หมู่ที่ 5 ถนน - ต.บ้านยา อ.หนองหาน จ.อุดรธานี 41130', '064-7164262', 8, 5),
(186, '64301020084', 'จิรายุ สีกะแจะ', '81 หมู่ที่ 4 ถนน - ต.บ้านโปร่ง อ.ศรีธาตุ จ.อุดรธานี 41230', '080-7634136', 8, 5),
(187, '64301020085', 'จิรโชติ สารธิมา', '319/4 หมู่ที่ 12 ถนน - ต.ศรีธาตุ อ.ศรีธาตุ จ.อุดรธานี 41230', '083-6738569', 0, 0),
(188, '64301020086', 'ศุภณัฐ แก้ววิเชียร', '99 หมู่ที่ 4 ถนน - ต.บ้านโปร่ง อ.ศรีธาตุ จ.อุดรธานี 41230', '084-9538065', 8, 5),
(189, '64301020087', 'เจ็ด ฮอร์ตัน', '138/1 หมู่ที่ 8 ถนน - ต.สุวรรณคูหา อ.สุวรรณคูหา จ.หนองบัวลำภู 39270', '098-5284097', 8, 5),
(190, '64301020088', 'นิติศักดิ์ ทองบ่อ', '31 หมู่ที่ 13 ถนน - ต.ขอนยูง อ.กุดจับ จ.อุดรธานี 41250', '087-8671521', 8, 5),
(191, '64301020089', 'ขรรค์ชัย ปากดีหวาน', '128 หมู่ที่ 8 ถนน - ต.โคกสะอาด อ.เมืองอุดรธานี จ.อุดรธานี 41000', '062-1393591', 8, 5),
(192, '64301020090', 'ต่อตระกูล สวนคาย', '10 หมู่ที่ 3 ถนน - ต.นาสะอาด อ.สร้างคอม จ.อุดรธานี 41260', '063-8696373', 0, 0),
(193, '64301020091', 'สุธิวัส สมสอาด', '20 หมู่ที่ 14 ถนน - ต.จุมพล อ.โพนพิสัย จ.หนองคาย 43120', '098-8982301', 8, 5),
(194, '64301020092', 'วรชน บุตรอินทร์', '38 หมู่ที่ 10 ถนน - ต.นายูง อ.ศรีธาตุ จ.อุดรธานี 41230', '064-5085609', 8, 5),
(195, '64301020093', 'ชนวิทย์ สีส่อง', '-15 หมู่ที่ 8 ถนน - ต.นายูง อ.ศรีธาตุ จ.อุดรธานี 41230', '062-9631120', 0, 0),
(196, '64301020094', 'ศุภชัย เอกราช', '49 หมู่ที่ 7 ถนน - ต.โนนหวาย อ.หนองวัวซอ จ.อุดรธานี 41220', 'null', 8, 5),
(197, '64301020183', 'ณัฐพงษ์ พงษ์บุปผา', '141 หมู่ที่ 5 ต.บ้านยา อ.หนองหาน จ.อุดรธานี 41130', '093-0688236', 0, 0),
(198, '64301020189', 'พิชิตชัย จงหมั่น', '37/12 หมู่ที่ 4 ต.บ้านเลื่อม อ.เมืองอุดรธานี จ.อุดรธานี 41000', 'null', 0, 0),
(199, '64301020021', 'ภราดร อินแถลง', '114 หมู่ที่ 10 ถนน - ต.โคกสะอาด อ.เมืองอุดรธานี จ.อุดรธานี 41000', 'null', 8, 2),
(200, '64301020022', 'ธนาวุฒิ อุรินคำ', '312 หมู่ที่ 11 ถนน - ต.เชียงยืน อ.เมืองอุดรธานี จ.อุดรธานี 41000', '082-8425852', 8, 2),
(201, '64301020023', 'พุทธิพงศ์ ศรีจุมพล', '77/1 หมู่ที่ 9 ถนน - ต.หมากหญ้า อ.หนองวัวซอ จ.อุดรธานี 41220', '082-8532537', 8, 2),
(202, '64301020024', 'เทพพิทักษ์ ไกรโหล', '35 หมู่ที่ 6 ถนน - ต.นิคมสงเคราะห์ อ.เมืองอุดรธานี จ.อุดรธานี 41000', '064-3075779', 0, 0),
(203, '64301020025', 'ธนโชติ คำภูมี', '14 หมู่ที่ 3 ถนน - ต.บ้านยวด อ.สร้างคอม จ.อุดรธานี 41260', '092-9952128', 8, 2),
(204, '64301020026', 'นักรบ มั่นคง', '208 หมู่ที่ 2 ถนน - ต.บ้านขาว อ.เมืองอุดรธานี จ.อุดรธานี 41000', 'null', 8, 2),
(205, '64301020027', 'นาวิน สาระคำ', '230 หมู่ที่ 1 ถนน - ต.โคกสะอาด อ.เมืองอุดรธานี จ.อุดรธานี 41000', '098-2072167', 8, 2),
(206, '64301020028', 'พงศกร แสนพันธ์', '120 หมู่ที่ 1 ถนน - ต.นาข่า อ.เมืองอุดรธานี จ.อุดรธานี 41000', '094-8045044', 8, 2),
(207, '64301020029', 'กฤษณะ ขันอุทา', '303 หมู่ที่ 17 ถนน - ต.บ้านจันทน์ อ.บ้านดุง จ.อุดรธานี 41190', 'null', 8, 2),
(208, '64301020030', 'พีรทรรศน์ ทองศรี', '261 หมู่ที่ 1 ถนน - ต.โคกสะอาด อ.เมืองอุดรธานี จ.อุดรธานี 41000', '061-0812379', 8, 2),
(209, '64301020031', 'ศุภกิจ พันธ์ฤทธิ์', '90182 หมู่ที่ 11 ถนน นิตโย ต.สว่างแดนดิน อ.สว่างแดนดิน จ.สกลนคร 47110', '098-6107536', 8, 2),
(210, '64301020032', 'ธนาวุฒิ ปัดชา', '28 หมู่ที่ 10 ถนน - ต.หนองไฮ อ.เมืองอุดรธานี จ.อุดรธานี 41000', '084-7980503', 8, 2),
(211, '64301020033', 'พิชิตพงษ์ ท้าวสนิท', '213 หมู่ที่ 10 ถนน - ต.โคกสะอาด อ.เมืองอุดรธานี จ.อุดรธานี 41000', '082-6694775', 8, 2),
(212, '64301020034', 'วิดล ปุริสาร', '102 หมู่ที่ 2 ถนน - ต.หนองวัวซอ อ.หนองวัวซอ จ.อุดรธานี 41220', '099-5042681', 8, 2),
(213, '64301020035', 'ธรรมนูญ จักสวนวัว', '271 หมู่ที่ 1 ถนน - ต.ทุ่งฝน อ.ทุ่งฝน จ.อุดรธานี 41310', '065-8797584', 8, 2),
(214, '64301020036', 'มรกต ไชยชาลี', '-34 หมู่ที่ 11 ถนน - ต.บ้านขาว อ.เมืองอุดรธานี จ.อุดรธานี 41000', '085-4631915', 8, 2),
(215, '64301020037', 'ณัฐพล บุญศิริ', '20 หมู่ที่ 1 ถนน - ต.หนองวัวซอ อ.หนองวัวซอ จ.อุดรธานี 41220', '085-6832941', 8, 2),
(216, '64301020038', 'ณัฐวุฒิ ศรีระวรรณ', '138 หมู่ที่ 7 ถนน - ต.เชียงพิณ อ.เมืองอุดรธานี จ.อุดรธานี 41000', '083-0203009', 8, 2),
(217, '64301020039', 'ธนบัตร สุวรรณหอม', '628 หมู่ที่ 8 ถนน - ต.บุ่งแก้ว อ.โนนสะอาด จ.อุดรธานี 41240', '062-3804918', 8, 2),
(218, '64301020040', 'วรวุฒิ เศษท้าว', '146 หมู่ที่ 11 ถนน - ต.นาสี อ.สุวรรณคูหา จ.หนองบัวลำภู 39270', '065-6756136', 0, 0),
(219, '64301020095', 'อภิรักษ์ บุสดี', '1/1 หมู่ที่ 7 ถนน - ต.บ้านหม้อ อ.ศรีเชียงใหม่ จ.หนองคาย 43130', '0969188991', 0, 0),
(220, '64301020096', 'ธนพัฒน์ นาสมพัน', '-208 หมู่ที่ 2 ถนน - ต.สะแบง อ.หนองหาน จ.อุดรธานี 41130', '086-3453565', 0, 0),
(221, '64301020097', 'รุฒิชัย ภักดีราช', '136 หมู่ที่ 11 ถนน - ต.บึงโขงหลง อ.บึงโขงหลง จ.บึงกาฬ 38220', 'null', 0, 0),
(222, '64301020098', 'ศุภชัย วรสิงห์', '72 หมู่ที่ 12 ถนน - ต.โสกก่าม อ.เซกา จ.บึงกาฬ 38150', 'null', 8, 6),
(223, '64301020099', 'เกรียงไกร พันธะมา', '52 หมู่ที่ 11 ถนน - ต.โสกก่าม อ.เซกา จ.บึงกาฬ 38150', '0833541041', 8, 6),
(224, '64301020100', 'กิตติภณ หล้าบา', '61 หมู่ที่ 7 ถนน - ต.บึงโขงหลง อ.บึงโขงหลง จ.บึงกาฬ 38220', 'null', 0, 0),
(225, '64301020101', 'จิรายุทธ ศิริสม', '138 หมู่ที่ 7 ถนน - ต.โสกก่าม อ.เซกา จ.บึงกาฬ 38150', 'null', 8, 6),
(226, '64301020102', 'อัศวิน วงษ์น้อย', '187 หมู่ที่ 2 ถนน - ต.โพธิ์หมากแข้ง อ.บึงโขงหลง จ.บึงกาฬ 38220', '0968936588', 0, 0),
(227, '64301020103', 'ชัยธร ป้องสีดา', '68 หมู่ที่ 6 ถนน - ต.โสกก่าม อ.เซกา จ.บึงกาฬ 38150', '0983807077', 8, 6),
(228, '64301020105', 'มินทดา ทาซ้าย', '190 หมู่ที่ 10 ถนน - ต.นาทับไฮ อ.รัตนวาปี จ.หนองคาย 43120', '093-6407329', 8, 6),
(229, '64301020107', 'ธนภัทร บุญอาจ', '10/1 หมู่ที่ 4 ถนน - ต.นาแก อ.นาวัง จ.หนองบัวลำภู 39170', '0929262056', 8, 6),
(230, '64301020108', 'อนุสรณ์ อุดมทรัพย์', '166 หมู่ที่ 5 ถนน - ต.นาสะแบง อ.ศรีวิไล จ.บึงกาฬ 38210', '0910362427', 8, 6),
(231, '64301020109', 'ณัฐพล สีมุงคุณ', '37 หมู่ที่ 13 ถนน - ต.นาเหล่า อ.นาวัง จ.หนองบัวลำภู 39170', '0621342060', 8, 6),
(232, '64301020110', 'วาคิม คำมิ่ง', '42/1 หมู่ที่ 6 ถนน - ต.หนองยอง อ.ปากคาด จ.บึงกาฬ 38190', '0925764422', 8, 6),
(233, '64301020111', 'ภัทรพล ร้อยแก้ว', '87 หมู่ที่ 8 ถนน - ต.บ้านหม้อ อ.ศรีเชียงใหม่ จ.หนองคาย 43130', '0847652212', 8, 6),
(234, '64301020112', 'อัครพนธ์ ทูลธรรม', '50 หมู่ที่ 3 ถนน - ต.ตาดทอง อ.ศรีธาตุ จ.อุดรธานี 41230', '090-3314079', 8, 6),
(235, '64301020113', 'เกรียงศักดิ์ แสนสกุล', '77 หมู่ที่ 1 ถนน - ต.ห้วยเกิ้ง อ.กุมภวาปี จ.อุดรธานี 41110', '061-10728450', 8, 6),
(236, '64301020114', 'ศราวุธ ศรีพันลม', '145 หมู่ที่ 2 ถนน - ต.หนองกวั่ง อ.บ้านม่วง จ.สกลนคร 47140', '0821353290', 8, 6),
(237, '64301020142', 'นันทรัตน์ ลุนจุฬา', '69 หมู่ที่ 5 ถนน - ต.นาเหล่า อ.นาวัง จ.หนองบัวลำภู 39170', '062-5651606', 8, 6),
(238, '64301020182', 'ณัชพล โชติชัย', '156 หมู่ที่ 4    ', '085-6634559', 0, 0),
(239, '64301020184', 'ปาริษา กุดเกื้อ', '444/1 หมู่ที่ 11 ต.บึงโขงหลง อ.บึงโขงหลง จ.บึงกาฬ 38220', '098-1961513', 0, 0),
(240, '64301020190', 'กฤตเมธ อินลา', '6 หมู่ที่ 1 ต.นาข่า อ.เมืองอุดรธานี จ.อุดรธานี 41000', '083-1470825', 0, 0),
(241, '64301020041', 'เกียรติศักดิ์ ไชยทองดี', '192 หมู่ที่ 2 ถนน - ต.นาพู่ อ.เพ็ญ จ.อุดรธานี 41150', 'null', 8, 3),
(242, '64301020042', 'ชวนากร มูลศรี', '51 หมู่ที่ 1 ถนน - ต.บ้านค้อ อ.บ้านผือ จ.อุดรธานี 41160', '080-7420200', 8, 3),
(243, '64301020043', 'ธนากร เฉื่อยมะเริง', '22 หมู่ที่ 20 ถนน - ต.โพนงาม อ.หนองหาน จ.อุดรธานี 41130', '0878760838', 8, 3),
(244, '64301020045', 'กิตติศักดิ์ สีแสง', '272 หมู่ที่ 2 ถนน - ต.สะแบง อ.หนองหาน จ.อุดรธานี 41130', '0985320161', 8, 3),
(245, '64301020046', 'อัครพล กุลโคตร', '47 หมู่ที่ 1 ถนน - ต.จำปาโมง อ.บ้านผือ จ.อุดรธานี 41160', '0823064892', 8, 3),
(246, '64301020047', 'วราพงษ์ กัณหาจร', '34/1 หมู่ที่ 10 ถนน - ต.ปะโค อ.กุดจับ จ.อุดรธานี 41250', '0986573439', 0, 0),
(247, '64301020048', 'ธนดล แจ่มวรรณา', '47 หมู่ที่ 10 ถนน - ต.หนองหาน อ.หนองหาน จ.อุดรธานี 41130', '0815147067', 8, 3),
(248, '64301020049', 'นนทวัช บรรณารักษ์', '169 หมู่ที่ 4 ถนน - ต.สะแบง อ.หนองหาน จ.อุดรธานี 41130', '0862452511', 8, 3),
(249, '64301020050', 'อุดมพร สุนทร', '46 หมู่ที่ 7 ถนน - ต.บ้านว่าน อ.ท่าบ่อ จ.หนองคาย 43110', '099-1972246', 8, 3),
(250, '64301020051', 'ณัฐวุฒิ ควรคำ', '-167 หมู่ที่ 45 ถนน - ต.ข้าวสาร อ.บ้านผือ จ.อุดรธานี 41160', '0831405341', 0, 0),
(251, '64301020052', 'วิวรรธน์ โลกคำ', '62 หมู่ที่ 6 ถนน - ต.ท่าลี่ อ.กุมภวาปี จ.อุดรธานี 41110', '0653250636', 8, 3),
(252, '64301020053', 'กฤษณพงศ์ บุดดีคำ', '69 หมู่ที่ 3 ถนน - ต.นาบัว อ.เพ็ญ จ.อุดรธานี 41150', '0655403228', 8, 3),
(253, '64301020054', 'ธนวัฒน์ ทองไช', '215 หมู่ที่ 9 ถนน - ต.เชียงแหว อ.กุมภวาปี จ.อุดรธานี 41110', '081-0593394', 8, 3),
(254, '64301020055', 'ชาญณรงค์ อ่อนละมูล', '260 หมู่ที่ 2 ถนน - ต.โนนทัน อ.เมืองหนองบัวลำภู จ.หนองบัวลำภู 39000', '0986686809', 8, 3),
(255, '64301020056', 'วีรภัทร อินทะจำปา', '-54 หมู่ที่ 2 ถนน - ต.บ้านโคก อ.สุวรรณคูหา จ.หนองบัวลำภู 39270', '086-2706164', 8, 3),
(256, '64301020057', 'บารมี จรอนันต์', '109 หมู่ที่ 2 ถนน - ต.สุมเส้า อ.เพ็ญ จ.อุดรธานี 41150', '0610866258', 8, 3),
(257, '64301020058', 'ธนาธร ตะพิมพ์', '98 หมู่ที่ 6 ถนน - ต.ปะโค อ.กุดจับ จ.อุดรธานี 41250', '0933361728', 0, 0),
(258, '64301020059', 'บุญญฤทธิ์ ดวงแก้ว', '-289 หมู่ที่ 1 ถนน - ต.หนองไฮ อ.เมืองอุดรธานี จ.อุดรธานี 41000', '0980007424', 0, 0),
(259, '64301020115', 'นริศร บุญเกื้อ', '118 หมู่ที่ 9 ถนน - ต.สร้างก่อ อ.กุดจับ จ.อุดรธานี 41250', '0938478943', 0, 0),
(260, '64301020116', 'ชนะชัย โคตรมณี', '10 หมู่ที่ 10 ถนน - ต.ปะโค อ.กุดจับ จ.อุดรธานี 41250', 'null', 0, 0),
(261, '64301020117', 'ธีรเดช รัตนศรี', '122 หมู่ที่ 14 ถนน - ต.บ้านดุง อ.บ้านดุง จ.อุดรธานี 41190', '086-1496512', 8, 7),
(262, '64301020118', 'จุฑารัตน์ เลวะบุตร', '56 หมู่ที่ 3 ถนน - ต.หนองอ้อ อ.หนองวัวซอ จ.อุดรธานี 41220', '062-1710086', 0, 0),
(263, '64301020121', 'นรัตน์ โคตเจริญ', '78 หมู่ที่ 9 ถนน - ต.เซิม อ.โพนพิสัย จ.หนองคาย 43120', '0621301638', 0, 0),
(264, '64301020122', 'เกียรติศักดิ์ แสงโสด', '121 หมู่ที่ 1 ถนน - ต.พระพุทธบาท อ.ศรีเชียงใหม่ จ.หนองคาย 43130', '0632272377', 8, 7),
(265, '64301020123', 'ชนกันต์ ประทุม', '63 หมู่ที่ 1 ถนน - ต.พระพุทธบาท อ.ศรีเชียงใหม่ จ.หนองคาย 43130', '0872163415', 8, 7),
(266, '64301020124', 'ณัฐวุฒิ วิเศษดี', '10 หมู่ที่ 7 ถนน - ต.กองนาง อ.ท่าบ่อ จ.หนองคาย 43110', '0836737308', 8, 7),
(267, '64301020125', 'กิตติพัฒน์ สุวจันทร์', '29 หมู่ที่ 6 ถนน - ต.ชุมช้าง อ.โพนพิสัย จ.หนองคาย 43120', '0918646575', 0, 0),
(268, '64301020126', 'วีระวัฒน์ จันทรเสนา', '22 หมู่ที่ 11 ถนน - ต.ชุมช้าง อ.โพนพิสัย จ.หนองคาย 43120', '094-259446', 8, 7),
(269, '64301020127', 'ธนวัฒน์ หอมหวล', '92 หมู่ที่ 12 ถนน - ต.เขือน้ำ อ.บ้านผือ จ.อุดรธานี 41160', '0833487058', 8, 7),
(270, '64301020128', 'ฐิตินันท์ ไชยสาน', '148 หมู่ที่ 4 ถนน - ต.เตาไห อ.เพ็ญ จ.อุดรธานี 41150', '094-9674129', 8, 7),
(271, '64301020129', 'รัชฏนนท์ ยางคำ', '173 หมู่ที่ 7 ถนน - ต.สุมเส้า อ.เพ็ญ จ.อุดรธานี 41150', '0814710859', 8, 7),
(272, '64301020130', 'ภัทรชัย บุญประคม', '240 หมู่ที่ 7 ถนน - ต.สะแบง อ.หนองหาน จ.อุดรธานี 41130', '0916960372', 8, 7),
(273, '64301020131', 'กุลวรี จันทร์อร่าม', '123 หมู่ที่ 4 ถนน - ต.ดอนหายโศก อ.หนองหาน จ.อุดรธานี 41130', '0970252511', 8, 7),
(274, '64301020132', 'กันต์ธร ศิริมานพ', '1 หมู่ที่ 7 ถนน - ต.บ้านเชียง อ.หนองหาน จ.อุดรธานี 41130', '090-2671204', 8, 7),
(275, '64301020133', 'จีระศักดิ์ อิดอ่อน', '139 หมู่ที่ 1 ถนน - ต.ค้อใหญ่ อ.กู่แก้ว จ.อุดรธานี 41130', '0825520370', 8, 7),
(276, '64301020134', 'เสน่ห์ ศรีวงค์', '193 หมู่ที่ 3 ถนน - ต.บ้านชัย อ.บ้านดุง จ.อุดรธานี 41190', '0622785997', 8, 7),
(277, '64301020181', 'มงคล อสุรินทร์', '120 หมู่ที่ 10 ต.ปะโค อ.กุมภวาปี จ.อุดรธานี 41110', '095-8179175', 8, 7),
(278, '64301020185', 'อภิสิทธิ์ จีบกระโทก', '144 หมู่ที่ 4 ต.บ้านยา อ.หนองหาน จ.อุดรธานี 41130', '093-4477568', 0, 0),
(279, '64301020186', 'ธีรเมท กุลวงษ์', '5 หมู่ที่ 2 ต.พานพร้าว อ.ศรีเชียงใหม่ จ.หนองคาย 43130', '092-4367899', 0, 0),
(280, '64301020191', 'ชลธิชา ไชยอินทร์', '159 หมู่ที่ 5 ต.เมืองเพีย อ.กุดจับ จ.อุดรธานี 41250', '098-1926957', 0, 0),
(281, '64301020017', 'ธีร์ธวัช ร่มวาปี', '242 หมู่ที่ 2 ถนน - ต.เชียงยืน อ.เมืองอุดรธานี จ.อุดรธานี 41000', '098-2424061', 8, 4),
(282, '64301020060', 'สิทธิพล โคตรบุตร', '101 หมู่ที่ 7 ถนน - ต.ตูมใต้ อ.กุมภวาปี จ.อุดรธานี 41110', '080-7377083', 8, 4),
(283, '64301020061', 'ชลสิทธิ์ ยศธิพานา', '200 หมู่ที่ 10 ถนน - ต.สร้อยพร้าว อ.หนองหาน จ.อุดรธานี 41130', '063-7144049', 8, 4),
(284, '64301020062', 'รสสุคนธ์ รางศรี', '24 หมู่ที่ 14 ถนน - ต.โพนงาม อ.หนองหาน จ.อุดรธานี 41130', '086-9007372', 8, 4),
(285, '64301020063', 'ยศพัฒน์ สิงหะสุริยะ', '150 หมู่ที่ 2 ถนน - ต.บ้านจั่น อ.เมืองอุดรธานี จ.อุดรธานี 41000', '0817685403', 0, 0),
(286, '64301020064', 'ชัยพร แสวงดี', '27 หมู่ที่ 2 ถนน - ต.ทับกุง อ.หนองแสง จ.อุดรธานี 41340', '0872240097', 0, 0),
(287, '64301020065', 'ณภัทร บุตรสูงเนิน', '-180 หมู่ที่ 8 ถนน - ต.โนนสูง อ.เมืองอุดรธานี จ.อุดรธานี 41000', '0817494498', 8, 4),
(288, '64301020066', 'ปฎิภาณ จันแดง', '-90 หมู่ที่ 11 ถนน - ต.หนองนาคำ อ.เมืองอุดรธานี จ.อุดรธานี 41000', '0935298947', 8, 4),
(289, '64301020067', 'สราวุฒิ แก้วเมืองน้อย', '111 หมู่ที่ 10 ถนน - ต.หนองไผ่ อ.เมืองอุดรธานี จ.อุดรธานี 41000', '080-7663865', 8, 4),
(290, '64301020068', 'กิตชฏาพงษ์ อัประทัง', '433 หมู่ที่ 1 ถนน - ต.บ้านจั่น อ.เมืองอุดรธานี จ.อุดรธานี 41000', '0956581406', 0, 0),
(291, '64301020069', 'อลงกรณ์ แสงสี', '122 หมู่ที่ 10 ถนน - ต.เชียงยืน อ.เมืองอุดรธานี จ.อุดรธานี 41000', 'null', 8, 4),
(292, '64301020070', 'ชินภาส สิงห์คาม', '104/1 หมู่ที่ 1 ถนน - ต.เมืองเพีย อ.กุดจับ จ.อุดรธานี 41250', '0943569603', 8, 4),
(293, '64301020071', 'เกียรติศักดิ์ อินลา', '125 หมู่ที่ 2 ถนน - ต.สร้างแป้น อ.เพ็ญ จ.อุดรธานี 41150', '0933462436', 8, 4),
(294, '64301020072', 'ณรงค์พล ขมิ้นเขียว', '-118 หมู่ที่ -2 ถนน - ต.สร้างแป้น อ.เพ็ญ จ.อุดรธานี 41150', '0872274395', 8, 4),
(295, '64301020073', 'ธนาวุฒิ แคนดา', '38/10 หมู่ที่ 16 ถนน - ต.หนองนาคำ อ.เมืองอุดรธานี จ.อุดรธานี 41000', '0613040125', 8, 4),
(296, '64301020135', 'พัฒนายุ หลาบมาลา', '195 หมู่ที่ 7 ถนน - ต.พระพุทธบาท อ.ศรีเชียงใหม่ จ.หนองคาย 43130', '0847923483', 8, 8),
(297, '64301020136', 'เจษฎา ละศรีจันทร์', '153 หมู่ที่ 5 ถนน - ต.หนองเม็ก อ.หนองหาน จ.อุดรธานี 41130', '0610854877', 0, 0),
(298, '64301020137', 'กิตติพงษ์ พรมสุวงษ์', '-210 หมู่ที่ 16 ถนน - ต.จอมศรี อ.เพ็ญ จ.อุดรธานี 41150', '0801895484', 8, 8),
(299, '64301020138', 'ชนกานต์ กาหลง', '236 หมู่ที่ 1 ถนน - ต.เพ็ญ อ.เพ็ญ จ.อุดรธานี 41150', '0853620844', 8, 8),
(300, '64301020139', 'ศรุตยา ดาสม', '135 หมู่ที่ 5 ถนน - ต.ขอนยูง อ.กุดจับ จ.อุดรธานี 41250', '083-3560935', 8, 8),
(301, '64301020140', 'ธีระพงษ์ วาสุพิน', '-235 หมู่ที่ 5 ถนน - ต.ขอนยูง อ.กุดจับ จ.อุดรธานี 41250', '0960814146', 0, 0),
(302, '64301020141', 'อดิศักดิ์ อุสุภราช', '12 หมู่ที่ 3 ถนน - ต.หัวนาคำ อ.ศรีธาตุ จ.อุดรธานี 41230', '063-1838441', 0, 0),
(303, '64301020143', 'เอกรัตน์ อักษร', '47 หมู่ที่ 2 ถนน - ต.สามัคคี อ.น้ำโสม จ.อุดรธานี 41210', '0892848273', 8, 8),
(304, '64301020144', 'คมสัน อินทะศรี', '82 หมู่ที่ 2 ถนน - ต.สามัคคี อ.น้ำโสม จ.อุดรธานี 41210', '0986219012', 8, 8),
(305, '64301020145', 'จักรพันธ์ จันทร์พานิช', '195 หมู่ที่ 4 ถนน - ต.สามัคคี อ.น้ำโสม จ.อุดรธานี 41210', '0847812326', 8, 8),
(306, '64301020146', 'วัชรินทร์ แทวกระโทก', '151 หมู่ที่ 12 ถนน - ต.โนนม่วง อ.ศรีบุญเรือง จ.หนองบัวลำภู 39180', '0922626792', 0, 0),
(307, '64301020147', 'อภิสิทธิ์ บุญศรีภูมิ', '92 หมู่ที่ 11 ถนน - ต.หนองแก อ.ศรีบุญเรือง จ.หนองบัวลำภู 39180', '0639479061', 8, 8),
(308, '64301020148', 'วิธินันท์ นาจอมทอง', '128 หมู่ที่ 8 ถนน - ต.กุดสะเทียน อ.ศรีบุญเรือง จ.หนองบัวลำภู 39180', '0985286529', 8, 8),
(309, '64301020149', 'ชัยศิลป์ เงินประกอบ', '16 หมู่ที่ 18 ถนน - ต.สุมเส้า อ.เพ็ญ จ.อุดรธานี 41150', '085-6638497', 0, 0),
(310, '64301020150', 'จักรพันธ์ ชัยดี', '53 หมู่ที่ 7 ถนน - ต.นาดง อ.ปากคาด จ.บึงกาฬ 38190', '098-2032215', 8, 8),
(311, '64301020151', 'อดิศักดิ์ อิ่มสำราญ', '31 หมู่ที่ 2 ถนน - ต.โนนเมือง อ.โนนสัง จ.หนองบัวลำภู 39140', '0963976439', 8, 8),
(312, '64301020152', 'สุรางค์รัตน์ อุเหล่า', '30 หมู่ที่ 3 ถนน - ต.นาดี อ.หนองแสง จ.อุดรธานี 41340', '0876372803', 8, 8),
(313, '64301020153', 'อนัญญา วงค์เมือง', '133 หมู่ที่ 1 ถนน - ต.ผาสุก อ.วังสามหมอ จ.อุดรธานี 41280', '093-4944082', 8, 8),
(314, '64301020154', 'ณัฐวัฒน์ ปัญสวัสดิ์', '36 หมู่ที่ 5 ถนน - ต.บ้านว่าน อ.ท่าบ่อ จ.หนองคาย 43110', '096-8622507', 0, 0),
(315, '64301020173', 'ทรัพย์อนันต์ น้อมภักดีกุล', '35 หมู่ที่ 19 ถนน - ต.หนองเม็ก อ.หนองหาน จ.อุดรธานี 41130', '093-3343161', 8, 4),
(316, '64301020178', 'ธีรพัฒน์ วงศ์สุวรรณ', '55 หมู่ที่ 4 ต.หมูม่น อ.เมืองอุดรธานี จ.อุดรธานี 41000', '0935270060', 0, 0),
(317, '64301020180', 'พัฒนรัฐ อนันต์รัตนไพศาล', '2 หมู่ที่ 3 ต.สีออ อ.กุมภวาปี จ.อุดรธานี 41110', '092-2571314', 8, 8),
(318, '64301020187', 'ยุทธนา วิเศษคำใส', '112 หมู่ที่ 7 ต.หนองสระปลา อ.หนองหาน จ.อุดรธานี 41130', '093-4785059', 8, 8),
(319, '64301020188', 'ศรายุทธ บุญเนตร์', '18 หมู่ที่ 7 ต.บ้านเชียง อ.หนองหาน จ.อุดรธานี 41130', 'null', 0, 0),
(320, '64301020192', 'ชัยพร แสวงดี', '2 ต.ทับกุง อ.หนองแสง จ.อุดรธานี 41340', 'null', 8, 4),
(321, '64301020193', 'ธนาธร ตะพิมพ์', '6 ต.ปะโค อ.กุดจับ จ.อุดรธานี 41250', 'null', 0, 0),
(322, '64301020155', 'ภัสกร เพียชิน', '19 หมู่ที่ 9 ถนน - ต.เซิม อ.โพนพิสัย จ.หนองคาย 43120', '0862399807', 0, 0),
(323, '64301020156', 'ธนากร พระโพธิ์', '82 หมู่ที่ 3 ถนน - ต.เซิม อ.โพนพิสัย จ.หนองคาย 43120', '0650958182', 0, 0),
(324, '64301020157', 'ภานุวัฒน์ วันดี', '155 หมู่ที่ 10 ถนน - ต.กองนาง อ.ท่าบ่อ จ.หนองคาย 43110', '082-8493445', 8, 9),
(325, '64301020158', 'อภิวัฒน์ คนยืน', '101 หมู่ที่ 2 ถนน - ต.กองนาง อ.ท่าบ่อ จ.หนองคาย 43110', '0802063817', 8, 9),
(326, '64301020159', 'ภูธเนศ หมื่นสา', '68 หมู่ที่ 5 ถนน - ต.ผาสุก อ.วังสามหมอ จ.อุดรธานี 41280', '0868618163', 0, 0),
(327, '64301020161', 'สิทธิพร คุณสิงห์', '81 หมู่ที่ 6 ถนน - ต.นาสะแบง อ.ศรีวิไล จ.บึงกาฬ 38210', '0985466602', 8, 9),
(328, '64301020162', 'เกรียงไกร พระชัย', '-96 หมู่ที่ 2 ถนน - ต.สุวรรณคูหา อ.สุวรรณคูหา จ.หนองบัวลำภู 39270', '0922918958', 8, 9),
(329, '64301020163', 'สหพัฒน์ เหง้าโอสา', '14 หมู่ที่ 11 ถนน 11 ต.ม่วง อ.บ้านม่วง จ.สกลนคร 47140', '0931165976', 8, 9),
(330, '64301020164', 'วรวุฒิ วิชัด', '261 หมู่ที่ 10 ถนน - ต.นาทับไฮ อ.รัตนวาปี จ.หนองคาย 43120', '086-1031523', 8, 9),
(331, '64301020165', 'จิตอนุวัต สุวรรณบุตร', '76 หมู่ที่ 8 ถนน - ต.สุมเส้า อ.เพ็ญ จ.อุดรธานี 41150', '061-6460601', 8, 9),
(332, '64301020166', 'กิตติภัทร หินซุย', '23 หมู่ที่ 8 ถนน - ต.สีออ อ.กุมภวาปี จ.อุดรธานี 41110', '093-5678687', 8, 9),
(333, '64301020167', 'พันนา สาสาย', '145 หมู่ที่ 2 ถนน - ต.ศรีธาตุ อ.ศรีธาตุ จ.อุดรธานี 41230', '0839400176', 8, 9),
(334, '64301020168', 'ชาญวิทย์ หลักคำ', '38 หมู่ที่ 5 ถนน - ต.หนองนกเขียน อ.ศรีธาตุ จ.อุดรธานี 41230', '0823035517', 0, 0),
(335, '64301020169', 'กลมาส กรองทอง', '91 หมู่ที่ 2 ถนน - ต.หนองกวั่ง อ.บ้านม่วง จ.สกลนคร 47140', '0872720489', 8, 9),
(336, '64301020170', 'ธนวัฒน์ ศรีหาโง่น', '87 หมู่ที่ 3 ถนน - ต.นาแก อ.นาวัง จ.หนองบัวลำภู 39170', '064-5533288', 0, 0),
(337, '64301020171', 'สันติภาพ บุญมีประเสริฐ', '83/1 หมู่ที่ 6 ถนน - ต.สามัคคี อ.น้ำโสม จ.อุดรธานี 41210', '064-8463726', 0, 0),
(338, '64301020172', 'ปฏิพัทธ์ จันทรวิจิตร', '51 หมู่ที่ 3 ถนน - ต.วัดหลวง อ.โพนพิสัย จ.หนองคาย 43120', '064-6459190', 8, 9),
(339, '64301020174', 'กิตินัทธ์ เนียมปัชชา', '59/259 หมู่ที่ 5 ถนน - ต.หนองบัว อ.เมืองอุดรธานี จ.อุดรธานี 41000', '084-9552175', 8, 9),
(340, '64301020175', 'ธนวรรธน์ พันเพชร', '49 หมู่ที่ 4 ถนน - ต.หนองแวง อ.น้ำโสม จ.อุดรธานี 41210', '098-6654072', 0, 0),
(341, '64301020176', 'ชนะชล พลหาร', '213 หมู่ที่ 10 ต.น้ำโมง อ.ท่าบ่อ จ.หนองคาย 43110', '093-4083927', 0, 0),
(342, '64301020177', 'สรธร เสนาไชย', '173 หมู่ที่ 2 ต.ผาสุก อ.วังสามหมอ จ.อุดรธานี 41280', '083-4412626', 0, 0),
(343, '64301020179', 'ชัชพงศ์ บุตรกุล', '87 หมู่ที่ 3 ต.ท่าลี่ อ.กุมภวาปี จ.อุดรธานี 41110', '082-2571078', 0, 0),
(344, '64301030001', 'กิตติพัฒน์ ชาวประทีป', '182/7 หมู่ที่ 5 ถนน - ต.หนองบัว อ.เมืองอุดรธานี จ.อุดรธานี 41000', '0637454175', 5, 1),
(345, '64301030002', 'ปรัชญา หน่วยแก้ว', '199/2 หมู่ที่ 5 ถนน - ต.หมูม่น อ.เมืองอุดรธานี จ.อุดรธานี 41000', '0693234565', 0, 0),
(346, '64301030003', 'ณัฐนนท์ เค้าสิม', '18 หมู่ที่ 11 ถนน - ต.หนองหาน อ.หนองหาน จ.อุดรธานี 41130', '0610861933', 0, 0),
(347, '64301030004', 'สืบศักดิ์ สีกาขาว', '124 หมู่ที่ 3 ถนน - ต.หนองอ้อ อ.หนองวัวซอ จ.อุดรธานี 41220', '0969800275', 5, 1),
(348, '64301030005', 'สกล ขอดคำ', '466/188 หมู่ที่ 5 ถนน - ต.หมากแข้ง อ.เมืองอุดรธานี จ.อุดรธานี 41000', '0640816304', 5, 1),
(349, '64301030006', 'ธีระวุธ กุลกานนท์', '222 หมู่ที่ 6 ถนน - ต.สร้างคอม อ.สร้างคอม จ.อุดรธานี 41260', '0935713350', 5, 2),
(350, '64301030007', 'อดุลยเดช ศิริบุตร', '35 หมู่ที่ 10 ถนน - ต.โนนทอง อ.แวงใหญ่ จ.ขอนแก่น 40330', '0834671194', 5, 2),
(351, '64301030008', 'จารุวิทย์ โพธิ์พรม', '54 หมู่ที่ 16 ถนน - ต.นาหนัง อ.โพนพิสัย จ.หนองคาย 43120', '0950615867', 5, 2),
(352, '64301030009', 'อรรถพล มากบุรี', '65 หมู่ที่ 12 ถนน - ต.สร้างคอม อ.สร้างคอม จ.อุดรธานี 41260', '0878556740', 0, 0),
(353, '64301030010', 'ธีระศักดิ์ รังกุล', '138 หมู่ที่ 4 ถนน - ต.หนองยอง อ.ปากคาด จ.บึงกาฬ 38190', '0986546489', 5, 2),
(354, '64301030011', 'ธนโชติ พันธุพรม', '52 หมู่ที่ 4 ถนน - ต.บ้านจีต อ.กู่แก้ว จ.อุดรธานี 41130', '0811835466', 0, 0),
(355, '64301030012', 'อนุพงษ์ จันทะเสน', '107 หมู่ที่ 1 ถนน - ต.คอนสาย อ.กู่แก้ว จ.อุดรธานี 41130', '0637159097', 5, 2),
(356, '64301030013', 'อิทธิพล แสนศรี', '17 หมู่ที่ 4 ถนน - ต.บ้านเหล่า อ.เพ็ญ จ.อุดรธานี 41150', '0895209632', 0, 0),
(357, '64301030014', 'พงศธร แสนใจ', '199 หมู่ที่ - ถนน 1 ต.บ้านธาตุ อ.เพ็ญ จ.อุดรธานี 41150', '0834161652', 5, 2),
(358, '64301030015', 'พศวัต สมภูเวช', '100 หมู่ที่ 4 ถนน - ต.ด่านช้าง อ.นากลาง จ.หนองบัวลำภู 39170', '0910768200', 5, 2),
(359, '64301030016', 'ภัทรนันท์ โชตะวัน', '85 หมู่ที่ 6 ถนน - ต.สร้างคอม อ.สร้างคอม จ.อุดรธานี 41260', '083-4601464', 5, 2),
(360, '64301030017', 'ธีรศักดิ์ โพธิ์ศรี', '209 หมู่ที่ 5 ถนน - ต.ดอนหายโศก อ.หนองหาน จ.อุดรธานี 41130', '0993058804', 5, 2),
(361, '64301030018', 'ธวัชชัย จิตมาตย์', '7 หมู่ที่ 4 ถนน - ต.สร้างคอม อ.สร้างคอม จ.อุดรธานี 41260', '0886252067', 5, 2),
(362, '64301030019', 'เรวัฒน์ โนราช', '11 หมู่ที่ 4 ถนน - ต.สุมเส้า อ.เพ็ญ จ.อุดรธานี 41150', '0832907386', 5, 2),
(363, '64301030020', 'ธนกฤต พรหมยนต์', '244 หมู่ที่ 1 ต.บ้านตาด อ.เมืองอุดรธานี จ.อุดรธานี 41000', '0623657803', 0, 0),
(364, '64301040001', 'เกียรติพงษ์ แสนลิ้นฟ้า', '52 หมู่ที่ 12 ถนน - ต.กุดจับ อ.กุดจับ จ.อุดรธานี 41250', '0612505061', 2, 1),
(365, '64301040002', 'ธีรเมธ สินเจริญเลิศ', '435/4 หมู่ที่ - ถนน หมากแข้ง ต.หมากแข้ง อ.เมืองอุดรธานี จ.อุดรธานี 41000', '0815927602', 2, 1),
(366, '64301040003', 'วีรภัทร ชัยวงศา', '2/1 หมู่ที่ 15 ถนน - ต.หนองไฮ อ.เมืองอุดรธานี จ.อุดรธานี 41000', '0862020831', 2, 1),
(367, '64301040005', 'ปฏิหารณ์ บุญสิทธิ์', '114 หมู่ที่ 3 ถนน - ต.หมูม่น อ.เมืองอุดรธานี จ.อุดรธานี 41000', '0956294655', 2, 1),
(368, '64301040006', 'ภาณุวัฒน์ หนูว่อง', '10 หมู่ที่ 4 ถนน - ต.เชียงเพ็ง อ.กุดจับ จ.อุดรธานี 41250', '0872259441', 2, 1),
(369, '64301040007', 'จิรสิน เลาะหะนะ', '97 หมู่ที่ 4 ถนน - ต.หนองบัวบาน อ.หนองวัวซอ จ.อุดรธานี 41220', '0825786245', 2, 1),
(370, '64301040008', 'พันธกิจ พระพรประเสริฐ', '211/4 หมู่ที่ 6 ถนน ซอยบ้านเดื่อ ต.หมากแข้ง อ.เมืองอุดรธานี จ.อุดรธานี 41000', '0842196717', 2, 1),
(371, '64301040009', 'อนุรักษ์ ตุลย์สุช', '134 หมู่ที่ 4 ถนน - ต.กุดสระ อ.เมืองอุดรธานี จ.อุดรธานี 41000', '0819541305', 0, 0),
(372, '64301040011', 'กิตติศักดิ์ คำภักดี', '18/1 หมู่ที่ 7 ถนน - ต.หนองบัว อ.เมืองอุดรธานี จ.อุดรธานี 41000', '0805528063', 2, 1),
(373, '64301040012', 'เรืองศักดิ์ เทพจันทร์', '306/6 หมู่ที่ - ถนน ประจักษ์ศิลปาคม ต.หมากแข้ง อ.เมืองอุดรธานี จ.อุดรธานี 41000', '0835991192', 2, 1),
(374, '64301040014', 'อนุพนธุ์ ตระกูลสุข', '217 หมู่ที่ 7 ถนน - ต.สามพร้าว อ.เมืองอุดรธานี จ.อุดรธานี 41000', '0851634737', 2, 1),
(375, '64301040015', 'พศวัต เดชสมบัติ', '795/47 หมู่ที่ 7 ถนน - ต.โนนสูง อ.เมืองอุดรธานี จ.อุดรธานี 41000', '0889403640', 2, 1),
(376, '64301040017', 'นัทธพงศ์ เฉลิมพงษ์', '27 หมู่ที่ 1 ถนน - ต.นาข่า อ.เมืองอุดรธานี จ.อุดรธานี 41000', '0964707615', 2, 1),
(377, '64301040018', 'ดารากร ไชยเกล้า', '114 หมู่ที่ 1 ถนน - ต.โนนสูง อ.เมืองอุดรธานี จ.อุดรธานี 41000', '0872195556', 2, 1),
(378, '64301040019', 'กิตติธัช มณีสุข', '98 หมู่ที่ 4 ถนน - ต.เชียงเพ็ง อ.กุดจับ จ.อุดรธานี 41250', '0931057433', 2, 1),
(379, '64301040020', 'ภัทราวุธ เจริญสุข', '170 หมู่ที่ 5 ถนน - ต.ศรีธาตุ อ.ศรีธาตุ จ.อุดรธานี 41230', '0973173134', 2, 1),
(380, '64301040021', 'นาวิน งาสิทธิ์', '178 หมู่ที่ 5 ถนน - ต.พันดอน อ.กุมภวาปี จ.อุดรธานี 41110', '0905708139', 2, 1),
(381, '64301040022', 'สุรัตน์วดล นิลหมื่นไวย์', '188 หมู่ที่ 1 ถนน - ต.นาข่า อ.เมืองอุดรธานี จ.อุดรธานี 41000', '0812602749', 2, 1),
(382, '64301040023', 'ณัฐนนท์ คำชาลี', '705/1 หมู่ที่ 1 ถนน - ต.บ้านเลื่อม อ.เมืองอุดรธานี จ.อุดรธานี 41000', '0610176425', 0, 0),
(383, '64301040040', 'ชิษณุพงศ์ ไชยสัตย์', '434 หมู่ที่ 1 ถนน - ต.บ้านเลื่อม อ.เมืองอุดรธานี จ.อุดรธานี 41000', '0844936147', 0, 0),
(384, '64301040086', 'ธนากร โสมงคล', '59 หมู่ที่ 1 ถนน - ต.สร้างแป้น อ.เพ็ญ จ.อุดรธานี 41150', '0872281775', 2, 5),
(385, '64301040087', 'นันทวัฒน์ รัตนวงศ์', '66/36 หมู่ที่ 7 ถนน ซอยบ้านดงอุดม ต.หมากแข้ง อ.เมืองอุดรธานี จ.อุดรธานี 41000', '0857423305', 2, 5),
(386, '64301040088', 'ภาณุศร ท้าวใจคง', '125 หมู่ที่ 6 ถนน บ้านหนองบ่อ ต.หมูม่น อ.เมืองอุดรธานี จ.อุดรธานี 41000', '0823757227', 2, 5),
(387, '64301040089', 'วรากร มาบ้านไร่', '1 หมู่ที่ 2 ถนน - ต.โคกสะอาด อ.เมืองอุดรธานี จ.อุดรธานี 41000', '0879805822', 2, 5),
(388, '64301040090', 'จตุรภัทร แสนปาลี', '126 หมู่ที่ 11 ถนน - ต.ผักตบ อ.หนองหาน จ.อุดรธานี 41130', '0635151001', 2, 5),
(389, '64301040091', 'ศตายุ ชาวกล้า', '44 หมู่ที่ 7 ถนน - ต.บ้านแดง อ.พิบูลย์รักษ์ จ.อุดรธานี 41130', '0959196502', 2, 5),
(390, '64301040092', 'นลธวัช ภูติรักษ์', '201 หมู่ที่ 7 ถนน - ต.หนองบัวบาน อ.หนองวัวซอ จ.อุดรธานี 41220', '0623942214', 2, 5),
(391, '64301040093', 'ณัฐวุฒิ อุบลครุฑ', '1 หมู่ที่ 1 ถนน - ต.โนนทัน อ.เมืองหนองบัวลำภู จ.หนองบัวลำภู 39000', '0809330415', 2, 5),
(392, '64301040094', 'อนุชา ยาตุนุเคราะห์', '67 หมู่ที่ 13 ถนน - ต.เชียงแหว อ.กุมภวาปี จ.อุดรธานี 41110', '0918138729', 2, 5),
(393, '64301040095', 'ก่อศักดิ์ คุณอุ่น', '94 หมู่ที่ 8 ถนน - ต.พรเจริญ อ.พรเจริญ จ.บึงกาฬ 38180', '0934973673', 0, 0),
(394, '64301040096', 'ไก่เงิน หาฝ่ายเหนือ', '99 หมู่ที่ 2 ถนน - ต.เซิม อ.โพนพิสัย จ.หนองคาย 43120', '0615493823', 2, 5),
(395, '64301040097', 'ชนกนันท์ ไตรนาวี', '125 หมู่ที่ 9 ถนน - ต.เพ็ญ อ.เพ็ญ จ.อุดรธานี 41150', '0892767669', 2, 5),
(396, '64301040098', 'กฤษฎา คำภาเวียง', '32 หมู่ที่ 11 ถนน - ต.กุดหมากไฟ อ.หนองวัวซอ จ.อุดรธานี 41220', '0872205266', 2, 5),
(397, '64301040099', 'ชิษณุพงศ์ โฮมแพน', '320 หมู่ที่ 15 ถนน - ต.หนองใหญ่ อ.โพนทอง จ.ร้อยเอ็ด 45110', '093-3232276', 2, 5),
(398, '64301040100', 'วชิรวิทย์ เนสสินธุ์', '58 หมู่ที่ 1 ถนน - ต.หมากแข้ง อ.เมืองอุดรธานี จ.อุดรธานี 41000', '0877212521', 2, 5),
(399, '64301040101', 'กิตติศักดิ์ อึ้งสกาว', '62 หมู่ที่ 9 ถนน - ต.หนองอ้อ อ.หนองวัวซอ จ.อุดรธานี 41220', '0955176731', 2, 5),
(400, '64301040102', 'กฤษณพงศ์ พรมสอน', '178 หมู่ที่ 5 ถนน - ต.พังงู อ.หนองหาน จ.อุดรธานี 41130', '082-1141081', 2, 5),
(401, '64301040103', 'พงศกร ศรีลาวัณย์', '166 หมู่ที่ 14 ถนน - ต.น้ำโสม อ.น้ำโสม จ.อุดรธานี 41210', '0852504996', 2, 5),
(402, '64301040104', 'สันติภาพ จิตรชัย', '-130 หมู่ที่ 14 ถนน - ต.ชีลอง อ.เมืองชัยภูมิ จ.ชัยภูมิ 36000', '0935367842', 2, 5),
(403, '64301040105', 'กิตติชัย ศรีรันต์', '114/1 หมู่ที่ 5 ถนน - ต.หนองบัว อ.เมืองอุดรธานี จ.อุดรธานี 41000', '0935151630', 2, 5),
(404, '64301040107', 'นราธิป สมออ่อน', '147 หมู่ที่ 7 ถนน - ต.หนองนาคำ อ.เมืองอุดรธานี จ.อุดรธานี 41000', '0818711862', 2, 5),
(405, '64301040108', 'อนันตชัย ขันตี', '159 หมู่ที่ 2 ถนน - ต.หนองไผ่ อ.เมืองอุดรธานี จ.อุดรธานี 41000', '0643051771', 2, 5),
(406, '64301040109', 'จิรเมธ ธานีเนียม', '84 หมู่ที่ 1 ถนน - ต.สามพร้าว อ.เมืองอุดรธานี จ.อุดรธานี 41000', '0868574307', 2, 5),
(407, '64301040110', 'วัฒนา ภูจอมคำ', '1 หมู่ที่ 8 ถนน - ต.หนองกุงศรี อ.โนนสะอาด จ.อุดรธานี 41240', '0611509872', 2, 5),
(408, '64301040111', 'จุฑามาศ ไม่แพ้', '262 หมู่ที่ 7 ถนน อุดร บ้านดุง ต.นาข่า อ.เมืองอุดรธานี จ.อุดรธานี 41000', '0895716849', 2, 6),
(409, '64301040112', 'ชัยสิริ พันธ์แก่น', '81 หมู่ที่ 13 ถนน - ต.วังสามหมอ อ.วังสามหมอ จ.อุดรธานี 41280', '0952150782', 2, 6),
(410, '64301040113', 'พรชนก ผลทิพย์', '22 หมู่ที่ 10 ถนน - ต.สร้างคอม อ.สร้างคอม จ.อุดรธานี 41260', '0857433344', 2, 6),
(411, '64301040114', 'พิชาภพ จันทะศรี', '13 หมู่ที่ 7 ถนน - ต.โพธิ์ศรีสำราญ อ.โนนสะอาด จ.อุดรธานี 41240', '0617739136', 2, 6),
(412, '64301040115', 'วราภรณ์ ศรีมงคล', '210 หมู่ที่ 7 ถนน บ้านโคก ต.โคกกลาง อ.เพ็ญ จ.อุดรธานี 41150', '0970341370', 2, 6);
INSERT INTO `student` (`no_id`, `std_id`, `fullname`, `address`, `tel`, `dep_id`, `grp`) VALUES
(413, '64301040116', 'วิทยา ศรีบุญเรือง', '162 หมู่ที่ 24 ถนน - ต.จุมพล อ.โพนพิสัย จ.หนองคาย 43120', '0629923518', 2, 6),
(414, '64301040117', 'ธีรเมธ ไชยเลิศ', '49 หมู่ที่ 7 ถนน - ต.ชุมช้าง อ.โพนพิสัย จ.หนองคาย 43120', '0862253949', 2, 6),
(415, '64301040118', 'วรเชษฐ์ เพียนใหม่', '195 หมู่ที่ 11 ถนน - ต.สระใคร อ.สระใคร จ.หนองคาย 43100', '0842654161', 2, 6),
(416, '64301040119', 'เจนจิรา คุณพาที', '133 หมู่ที่ 6 ถนน - ต.สามัคคี อ.น้ำโสม จ.อุดรธานี 41210', '0981230388', 0, 0),
(417, '64301040120', 'พงศ์ภัค สวัสดิ์คล้าย', '10 หมู่ที่ 9 ถนน - ต.หนองนาคำ อ.เมืองอุดรธานี จ.อุดรธานี 41000', '0897457964', 2, 6),
(418, '64301040121', 'อภิวัฒน์ แสงดี', '36 หมู่ที่ 14 ถนน - ต.บ้านเชียง อ.หนองหาน จ.อุดรธานี 41130', '0617356116', 2, 6),
(419, '64301040122', 'พิชดา แสนลือ', '176 หมู่ที่ 5 ถนน - ต.ท่าลี่ อ.กุมภวาปี จ.อุดรธานี 41110', '0630149523', 0, 0),
(420, '64301040123', 'ภาณุพงศ์ นามวงษ์', '61 หมู่ที่ 10 ถนน - ต.บ้านเชียง อ.หนองหาน จ.อุดรธานี 41130', '0909050580', 2, 6),
(421, '64301040124', 'นภัสศร ช้อนชัย', '197 หมู่ที่ 5 ถนน - ต.เชียงหวาง อ.เพ็ญ จ.อุดรธานี 41150', '0654978740', 0, 0),
(422, '64301040125', 'ณัฐพงษ์ พรมโคตร', '12 หมู่ที่ 13 ถนน - ต.ศรีธาตุ อ.ศรีธาตุ จ.อุดรธานี 41230', '0954648133', 2, 6),
(423, '64301040126', 'สุชาติ คำฤาชัย', '1 หมู่ที่ 9 ถนน - ต.หนองหญ้าไซ อ.วังสามหมอ จ.อุดรธานี 41280', '0985604447', 2, 6),
(424, '64301040127', 'เจษฎากร พลเชียงดี', '143 หมู่ที่ 15 ถนน - ต.บ้านเชียง อ.หนองหาน จ.อุดรธานี 41130', '0826057462', 2, 6),
(425, '64301040128', 'สิทธิชัย ขาวพิโคน', '103 หมู่ที่ 5 ถนน - ต.นางิ้ว อ.สังคม จ.หนองคาย 43160', '0999136433', 2, 6),
(426, '64301040129', 'มรรคพงษ์ นาวิเศษ', '47 หมู่ที่ 7 ถนน - ต.ศรีธาตุ อ.ศรีธาตุ จ.อุดรธานี 41230', '0826280084', 2, 6),
(427, '64301040130', 'คิชมากร ถาวะโร', '128 หมู่ที่ 11 ถนน - ต.บ้านธาตุ อ.เพ็ญ จ.อุดรธานี 41150', '0986033108', 2, 6),
(428, '64301040131', 'ภูมินทร์ สังสะอาด', '215 หมู่ที่ 5 ถนน - ต.พังงู อ.หนองหาน จ.อุดรธานี 41130', '0823113915', 2, 6),
(429, '64301040238', 'พีรดล บุญเกิด', '89/73 หมู่ที่ 4 ถนน ซอยบ้านโพนบก ต.หมากแข้ง อ.เมืองอุดรธานี จ.อุดรธานี 41000', '0931254149', 2, 5),
(430, '64301040239', 'คมเพชร วรรณดี', '118 หมู่ที่ 6 ถนน - ต.หนองยอง อ.ปากคาด จ.บึงกาฬ 38190', '0895711964', 0, 0),
(431, '64301040242', 'อดิสรณ์ สุระพร', '21 หมู่ที่ 1 ต.กุดจับ อ.กุดจับ จ.อุดรธานี 41250', '0883056943', 0, 0),
(432, '64301040247', 'กิตตะวัน รสร้าง', '133 หมู่ที่ 1 ถนน - ต.หนองเลิง อ.เมืองบึงกาฬ จ.บึงกาฬ 38000', '0956689011', 0, 0),
(433, '64301040249', 'ศุภกฤต อุทิศรัมย์', '94/1 หมู่ที่ 3 ต.หายโศก อ.บ้านผือ จ.อุดรธานี 41160', '0352193940', 0, 0),
(434, '64301040256', 'อนุชิต วงค์ทาสี', '132 หมู่ที่ 13 ต.ท่าลี่ อ.กุมภวาปี จ.อุดรธานี 41110', '0643323598', 0, 0),
(435, '64301040258', 'จินตนา จอมคำสี', '136 หมู่ที่ 1 ต.หนองเม็ก อ.หนองหาน จ.อุดรธานี 41130', '0836610450', 0, 0),
(436, '64301040013', 'ศศิศ อุ่นมุกดา', '8 หมู่ที่ 3 ถนน - ต.หนองหัวคู อ.บ้านผือ จ.อุดรธานี 41160', '0982151434', 2, 2),
(437, '64301040016', 'ชัยณรงค์ เศรษฐาชัย', '14 หมู่ที่ 6 ถนน - ต.สร้างก่อ อ.กุดจับ จ.อุดรธานี 41250', '0611822098', 0, 0),
(438, '64301040024', 'สุทธิพงศ์ จันทร์ดี', '181/1 หมู่ที่ 7 ถนน ซอยบ้านโนนยาง ต.หมากแข้ง อ.เมืองอุดรธานี จ.อุดรธานี 41000', '0622874146', 2, 2),
(439, '64301040025', 'พรพิชิต ธาตุชัย', '363 หมู่ที่ 14 ถนน - ต.บ้านธาตุ อ.เพ็ญ จ.อุดรธานี 41150', '0930356411', 2, 2),
(440, '64301040026', 'ต้นน้ำ แรงน้อย', '50 หมู่ที่ 5 ถนน - ต.พันดอน อ.กุมภวาปี จ.อุดรธานี 41110', '0953082603', 2, 2),
(441, '64301040028', 'ชัยพล มุกดาม่วง', '4 หมู่ที่ 2 ถนน - ต.หนองนาคำ อ.เมืองอุดรธานี จ.อุดรธานี 41000', '0872283199', 2, 2),
(442, '64301040029', 'อาทิตย์ มอโท', '411/1 หมู่ที่ 1 ถนน - ต.เชียงพิณ อ.เมืองอุดรธานี จ.อุดรธานี 41000', '0634277237', 2, 2),
(443, '64301040030', 'ปุรัสกร แวงวรรณ', '53/5 หมู่ที่ 5 ถนน ซอยบ้านดงอุดม ต.หมากแข้ง อ.เมืองอุดรธานี จ.อุดรธานี 41000', '0940679346', 2, 2),
(444, '64301040031', 'กัญชลีญา แวงวรรณ', '53/5 หมู่ที่ 5 ถนน ซอยบ้างดงอุดม ต.หมากแข้ง อ.เมืองอุดรธานี จ.อุดรธานี 41000', '0846005751', 2, 2),
(445, '64301040032', 'ธรานนท์ สุภาพงษ์', '218 หมู่ที่ 4 ถนน - ต.หนองไผ่ อ.เมืองอุดรธานี จ.อุดรธานี 41000', '0925831877', 0, 0),
(446, '64301040033', 'ณัฐวุฒิ กันหา', '798 หมู่ที่ 9 ถนน - ต.เชียงพิณ อ.เมืองอุดรธานี จ.อุดรธานี 41000', '0850072258', 2, 2),
(447, '64301040034', 'กฤษกร แสงจันทร์', '242 หมู่ที่ 2 ถนน - ต.เชียงเพ็ง อ.กุดจับ จ.อุดรธานี 41250', '0616642115', 2, 2),
(448, '64301040035', 'เขมทัต ปัญญาใส', '199 หมู่ที่ 14 ถนน - ต.กุมภวาปี อ.กุมภวาปี จ.อุดรธานี 41110', '0872222578', 2, 2),
(449, '64301040036', 'พรจิรา โพธิวงค์', '130 หมู่ที่ 2 ถนน - ต.ปะโค อ.กุดจับ จ.อุดรธานี 41250', '0982304059', 2, 2),
(450, '64301040037', 'ชนะพล บุญทวี', '-212 หมู่ที่ 6 ถนน - ต.สุวรรณคูหา อ.สุวรรณคูหา จ.หนองบัวลำภู 39270', '0986277929', 2, 2),
(451, '64301040038', 'กิตติพงษ์ หลักคำ', '92 หมู่ที่ 9 ถนน - ต.โพธิ์ศรีสำราญ อ.โนนสะอาด จ.อุดรธานี 41240', '0983051436', 2, 2),
(452, '64301040039', 'สิทธิโชค กาเผือก', '106 หมู่ที่ 10 ถนน - ต.โคกกลาง อ.โนนสะอาด จ.อุดรธานี 41240', '0810484699', 2, 2),
(453, '64301040041', 'ธรรมธร มั่งมีศรี', '551 หมู่ที่ 15 ถนน - ต.พันดอน อ.กุมภวาปี จ.อุดรธานี 41110', '0610386090', 2, 2),
(454, '64301040042', 'สีหราช หนองหารพิทักษ์', '267 หมู่ที่ 17 ถนน - ต.หนองนาคำ อ.เมืองอุดรธานี จ.อุดรธานี 41000', '0801764309', 2, 2),
(455, '64301040043', 'สรยุทธ กังบุญมา', '38/4 หมู่ที่ 1 ถนน - ต.เมืองเพีย อ.กุดจับ จ.อุดรธานี 41250', '0854564054', 2, 2),
(456, '64301040044', 'ภูมิพันธ์ ทันหาบุรุษ', '17 หมู่ที่ 8 ถนน - ต.นาข่า อ.เมืองอุดรธานี จ.อุดรธานี 41000', '0958906571', 0, 0),
(457, '64301040045', 'วรณัฐ ซุยโพธิ์น้อย', '144 หมู่ที่ 9 ถนน - ต.หนองสระปลา อ.หนองหาน จ.อุดรธานี 41130', '0987173586', 2, 2),
(458, '64301040132', 'ศุภิสรา ศรีจุมพล', '65 หมู่ที่ 1 ถนน - ต.ท่าลี่ อ.กุมภวาปี จ.อุดรธานี 41110', '0821216134', 0, 0),
(459, '64301040133', 'สิทธิพงศ์ ไชยกาฬสินธ์', '91 หมู่ที่ 5 ถนน - ต.เพ็ญ อ.เพ็ญ จ.อุดรธานี 41150', '0654764701', 2, 7),
(460, '64301040134', 'อภิชาติ บุตรธนู', '20 หมู่ที่ 10 ถนน - ต.หมูม่น อ.เมืองอุดรธานี จ.อุดรธานี 41000', '0653464714', 2, 7),
(461, '64301040135', 'ปัณณวัฒน์ แก้ววรรณา', '45 หมู่ที่ 2 ถนน - ต.โนนหวาย อ.หนองวัวซอ จ.อุดรธานี 41220', '0868643360', 2, 7),
(462, '64301040137', 'กัลทิมา อินทุกรรม', '82 หมู่ที่ - ถนน - ต.ในเมือง อ.เมืองบุรีรัมย์ จ.บุรีรัมย์ 31000', '0991248231', 2, 7),
(463, '64301040138', 'รัชชานนท์ พิลา', '119 หมู่ที่ 1 ถนน - ต.หนองแสง อ.หนองแสง จ.อุดรธานี 41340', '087-8605925', 2, 7),
(464, '64301040139', 'ธันวา เสนาคะนัต', '243 หมู่ที่ 1 ถนน - ต.ทุ่งฝน อ.ทุ่งฝน จ.อุดรธานี 41310', '0895342074', 2, 7),
(465, '64301040140', 'นธี ดีเลิศ', '40 หมู่ที่ 8 ถนน - ต.ยางหล่อ อ.ศรีบุญเรือง จ.หนองบัวลำภู 39180', '0621479240', 2, 7),
(466, '64301040141', 'ภานุวัฒน์ พรมตู้', '101/1 หมู่ที่ 9 ถนน - ต.ยางหล่อ อ.ศรีบุญเรือง จ.หนองบัวลำภู 39180', '0655900585', 2, 7),
(467, '64301040142', 'เอกฐณัฎฐ์ มะโนรินทร์', '242 หมู่ที่ 8 ถนน - ต.บุ่งแก้ว อ.โนนสะอาด จ.อุดรธานี 41240', '0929786659', 2, 7),
(468, '64301040143', 'ศิริชัย พิมพ์ดวงสี', '35 หมู่ที่ 6 ถนน - ต.หนองแสง อ.หนองแสง จ.อุดรธานี 41340', '0934328989', 2, 7),
(469, '64301040144', 'ณัฐกาล โสดาดิตร', '175 หมู่ที่ 6 ถนน - ต.หนองกวั่ง อ.บ้านม่วง จ.สกลนคร 47140', '0830142360', 2, 7),
(470, '64301040145', 'ภาณุวัฒน์ วรวิเศษ', '6 หมู่ที่ 7 ถนน - ต.ทับกุง อ.หนองแสง จ.อุดรธานี 41340', '0935680547', 2, 7),
(471, '64301040146', 'ธนพัฒน์ บุญภา', '63/1 หมู่ที่ 1 ถนน - ต.ศรีสุทโธ อ.บ้านดุง จ.อุดรธานี 41190', '0858536457', 0, 0),
(472, '64301040147', 'นิติปกรณ์ พาณิชย์ศิริ', '105 หมู่ที่ 8 ถนน - ต.บ้านยา อ.หนองหาน จ.อุดรธานี 41130', '0923177942', 2, 7),
(473, '64301040148', 'ธีระวุฒิ โอชารส', '88 หมู่ที่ 12 ถนน - ต.ผักตบ อ.หนองหาน จ.อุดรธานี 41130', '0933428430', 2, 7),
(474, '64301040150', 'ธนันชัย พรหมสอน', '157 หมู่ที่ 4 ถนน - ต.บ้านจีต อ.กู่แก้ว จ.อุดรธานี 41130', '0610563277', 0, 0),
(475, '64301040151', 'อโนชา ทานะเวช', '218 หมู่ที่ 7 ถนน - ต.ดงเย็น อ.บ้านดุง จ.อุดรธานี 41190', '0934741685', 0, 0),
(476, '64301040152', 'ชัชพล คำเขียว', '112 หมู่ที่ 8 ถนน - ต.บุฮม อ.เชียงคาน จ.เลย 42110', '0981085819', 2, 7),
(477, '64301040243', 'บริพัตร ลือโสภา', '210 หมู่ที่ 6 ต.ตาลเลียน อ.กุดจับ จ.อุดรธานี 41250', '0640491922', 0, 0),
(478, '64301040250', 'ไพศาล ถนอมกุล', '-74 หมู่ที่ 5 ถนน - ต.โคกกลาง อ.เพ็ญ จ.อุดรธานี 41150', '0916973590', 2, 7),
(479, '64301040252', 'อดิศร สุริยะ', '21 หมู่ที่ 1 ต.กุดจับ อ.กุดจับ จ.อุดรธานี 41250', '0883056943', 0, 0),
(480, '64301040260', 'ภูมิพันธ์ ทันหาบุรุษ', '8 ต.นาข่า อ.เมืองอุดรธานี จ.อุดรธานี 41000', 'null', 2, 2),
(481, '64301040263', 'ธรานนท์ สุภาพงษ์', '4 ต.หนองไผ่ อ.เมืองอุดรธานี จ.อุดรธานี 41000', 'null', 0, 0),
(482, '64301040046', 'ภูบดินทร์ โพธิ์ไพร', '54 หมู่ที่ 7 ถนน - ต.นิคมสงเคราะห์ อ.เมืองอุดรธานี จ.อุดรธานี 41000', '0862191986', 2, 3),
(483, '64301040047', 'นภัส ถำวาปี', '1/1 หมู่ที่ 2 ถนน - ต.หนองไผ่ อ.เมืองอุดรธานี จ.อุดรธานี 41000', '0879605419', 2, 3),
(484, '64301040048', 'ธีระพัฒน์ ดีเมืองโขง', '230 หมู่ที่ 8 ถนน - ต.นาสะแบง อ.ศรีวิไล จ.บึงกาฬ 38210', '0895344839', 2, 3),
(485, '64301040049', 'สุรเดช เกตุคำใสย', '50/1 หมู่ที่ 8 ถนน - ต.ลำภู อ.เมืองหนองบัวลำภู จ.หนองบัวลำภู 39000', '0981428598', 2, 3),
(486, '64301040050', 'พงษ์พัฒน์ พวงทอง', '27 หมู่ที่ 8 ถนน - ต.สร้างก่อ อ.กุดจับ จ.อุดรธานี 41250', '0636589530', 2, 3),
(487, '64301040051', 'รณฤทธิ์ หมอกเจริญ', '54/3 หมู่ที่ 10 ถนน - ต.นิคมสงเคราะห์ อ.เมืองอุดรธานี จ.อุดรธานี 41000', '0858164087', 2, 3),
(488, '64301040052', 'จักรินทร์ วาศโพธิ์กลาง', '31 หมู่ที่ 2 ถนน - ต.นากว้าง อ.เมืองอุดรธานี จ.อุดรธานี 41000', '0959188512', 0, 0),
(489, '64301040053', 'ณัฐชนน ทิโส', '169 หมู่ที่ 2 ถนน - ต.หมูม่น อ.เมืองอุดรธานี จ.อุดรธานี 41000', '0651036516', 2, 3),
(490, '64301040054', 'วิศรุต จันไพสน', '181 หมู่ที่ 15 ถนน - ต.เชียงยืน อ.เมืองอุดรธานี จ.อุดรธานี 41000', '0957435771', 2, 3),
(491, '64301040055', 'ชัยภพ สองสี', '210 หมู่ที่ 3 ถนน - ต.ข้าวสาร อ.บ้านผือ จ.อุดรธานี 41160', '0951686098', 2, 3),
(492, '64301040056', 'รัตนคุณ สอนผา', '83/3 หมู่ที่ 6 ถนน ซอยบ้านเดื่อ ต.หมากแข้ง อ.เมืองอุดรธานี จ.อุดรธานี 41000', '0821181552', 2, 3),
(493, '64301040057', 'พชร ประยูรพรหม', '175 หมู่ที่ 5 ถนน - ต.หนองไผ่ อ.เมืองอุดรธานี จ.อุดรธานี 41000', '086-2319921', 2, 3),
(494, '64301040058', 'ศรราม จันทร์บุตร', '-113/1 หมู่ที่ 3 ถนน - ต.โคกสะอาด อ.เมืองอุดรธานี จ.อุดรธานี 41000', '0614314728', 2, 3),
(495, '64301040059', 'ปฏิภาณ ไชยยา', '74 หมู่ที่ 4 ถนน - ต.กุดจับ อ.กุดจับ จ.อุดรธานี 41250', '0982948564', 2, 3),
(496, '64301040060', 'ดาลป ดวงบุบผา', '127 หมู่ที่ 12 ถนน - ต.หนองหลัก อ.ไชยวาน จ.อุดรธานี 41290', '0857427642', 2, 3),
(497, '64301040061', 'ปุณณานันท์ พากุล', '299 หมู่ที่ 2 ถนน - ต.สามพร้าว อ.เมืองอุดรธานี จ.อุดรธานี 41000', '0831479815', 0, 0),
(498, '64301040063', 'อานนท์ หนองตรุด', '153/9 หมู่ที่ 9 ถนน - ต.เชียงพิณ อ.เมืองอุดรธานี จ.อุดรธานี 41000', '0894173664', 2, 3),
(499, '64301040064', 'นฤเดช แสนรัมย์', '-15/1 หมู่ที่ 3 ถนน - ต.หนองไฮ อ.เมืองอุดรธานี จ.อุดรธานี 41000', '0986623649', 0, 0),
(500, '64301040065', 'อัษฎาวุฒิ ป้องจันทร์', '81 หมู่ที่ 10 ถนน - ต.อูบมุง อ.หนองวัวซอ จ.อุดรธานี 41220', '0868603379', 2, 3),
(501, '64301040066', 'สุรพงษ์ บุญรักษา', '123/28 หมู่ที่ - ถนน - ต.หมากแข้ง อ.เมืองอุดรธานี จ.อุดรธานี 41000', '0810559323', 2, 3),
(502, '64301040067', 'รพีภัทร อุรินคำ', '48 หมู่ที่ 12 ถนน - ต.เชียงยืน อ.เมืองอุดรธานี จ.อุดรธานี 41000', '087822665', 2, 3),
(503, '64301040153', 'ธนวัฒน์ ชุมแวงวาปี', '306 หมู่ที่ 5 ถนน - ต.หนองไผ่ อ.เมืองอุดรธานี จ.อุดรธานี 41000', '0892144512', 2, 8),
(504, '64301040154', 'นิติภูมิ ภูยาดาว', '19/219 หมู่ที่ 1 ถนน - ต.นาดี อ.เมืองอุดรธานี จ.อุดรธานี 41000', '0624799840', 2, 8),
(505, '64301040155', 'นนทชา เถยสูงเนิน', '217 หมู่ที่ 9 ถนน - ต.บ้านดุง อ.บ้านดุง จ.อุดรธานี 41190', '0981909162', 0, 0),
(506, '64301040156', 'ไชยวัฒน์ ภูสีเขียว', '83 หมู่ที่ 8 ถนน - ต.นาคำ อ.บ้านดุง จ.อุดรธานี 41190', '0880292700', 2, 8),
(507, '64301040157', 'ธวัชชัย ตันทอง', '180/1 หมู่ที่ 8 ถนน - ต.บุฮม อ.เชียงคาน จ.เลย 42110', '0934291600', 2, 8),
(508, '64301040158', 'ณัฐพล แสนผล', '98 หมู่ที่ 12 ถนน - ต.วังทอง อ.นาวัง จ.หนองบัวลำภู 39170', '0834309812', 2, 8),
(509, '64301040159', 'ภีม นวนสำลี', '118/1 หมู่ที่ 13 ถนน - ต.นากลาง อ.นากลาง จ.หนองบัวลำภู 39170', '0815746939', 2, 8),
(510, '64301040160', 'ภีรพันธ์ โถนคำ', '200 หมู่ที่ 11 ถนน - ต.ม่วง อ.บ้านม่วง จ.สกลนคร 47140', '0937977208', 2, 8),
(511, '64301040161', 'อโนชา หมื่นเรือคำ', '-190 หมู่ที่ 9 ถนน - ต.กุดบง อ.โพนพิสัย จ.หนองคาย 43120', '0837696698', 0, 0),
(512, '64301040162', 'สุรศักดิ์ แสงบุญ', '-596 หมู่ที่ 18 ถนน - ต.หนองหาน อ.หนองหาน จ.อุดรธานี 41130', '064351702', 2, 8),
(513, '64301040163', 'อภิวัฒน์ วนิชธนเดช', '113 หมู่ที่ 7 ถนน - ต.หนองภัยศูนย์ อ.เมืองหนองบัวลำภู จ.หนองบัวลำภู 39000', '0925066232', 0, 0),
(514, '64301040164', 'เจษฎา วงษ์ชัย', '809/1 หมู่ที่ 1 ถนน - ต.เชียงพิณ อ.เมืองอุดรธานี จ.อุดรธานี 41000', '0631984155', 2, 8),
(515, '64301040165', 'ตั้งปณิธาน ยอดจำปา', '-121 หมู่ที่ 8 ถนน - ต.ศรีวิไล อ.ศรีวิไล จ.บึงกาฬ 38210', '0842813843', 0, 0),
(516, '64301040166', 'กิตติพงษ์ คงเรืองฤทธิ์', '71 หมู่ที่ 5 ถนน - ต.คำเลาะ อ.ไชยวาน จ.อุดรธานี 41290', '0847902792', 0, 0),
(517, '64301040167', 'ณภัทร เสียงล้ำ', '374 หมู่ที่ 1 ถนน บริบาลดำริ ต.ศรีสุทโธ อ.บ้านดุง จ.อุดรธานี 41190', '0872252266', 2, 8),
(518, '64301040168', 'วุฒิพงษ์ โสภาคำ', '18 หมู่ที่ 9 ถนน - ต.หัวนาคำ อ.ศรีธาตุ จ.อุดรธานี 41230', '0807402085', 2, 8),
(519, '64301040169', 'พงศ์ศักดิ์ ศรีพรมมา', '107 หมู่ที่ 9 ถนน - ต.ศรีธาตุ อ.ศรีธาตุ จ.อุดรธานี 41230', '095-9420611', 2, 8),
(520, '64301040170', 'วาคิม แสนโคตร', '33 หมู่ที่ 4 ถนน - ต.นาแก อ.นาวัง จ.หนองบัวลำภู 39170', '0981589872', 2, 8),
(521, '64301040171', 'จักรกฤษ คชอินทร์', '1 หมู่ที่ 9 ถนน - ต.หัวนาคำ อ.ศรีธาตุ จ.อุดรธานี 41230', '0698673427', 2, 8),
(522, '64301040172', 'นนทชัย คำหารพล', '39 หมู่ที่ 8 ถนน - ต.บงใต้ อ.สว่างแดนดิน จ.สกลนคร 47110', '0872217194', 0, 0),
(523, '64301040173', 'วิโรจ โพธิ์ทอง', '3 หมู่ที่ 15 ถนน - ต.โซ่ อ.โซ่พิสัย จ.บึงกาฬ 38170', '093-3895526', 2, 8),
(524, '64301040251', 'อนุพงศ์ แปะทา', '10 หมู่ที่ 7 ต.บ้านตาด อ.เมืองอุดรธานี จ.อุดรธานี 41000', 'null', 0, 0),
(525, '64301040257', 'กฤษฎา สุโพธิ์', '15 หมู่ที่ 3 ต.บ้านค้อ อ.บ้านผือ จ.อุดรธานี 41160', '0807720177', 0, 0),
(526, '64301040261', 'จักรินทร์ วาศโพธิ์กลาง', '2 ต.นากว้าง อ.เมืองอุดรธานี จ.อุดรธานี 41000', 'null', 0, 0),
(527, '64301040010', 'เสกสรรค์ ลือคำหาญ', '40 หมู่ที่ 2 ถนน - ต.เมืองเพีย อ.กุดจับ จ.อุดรธานี 41250', '0610542317', 2, 4),
(528, '64301040068', 'อดิรุจ พันธุระ', '162 หมู่ที่ 13 ถนน - ต.หนองหาน อ.หนองหาน จ.อุดรธานี 41130', '0821012160', 2, 4),
(529, '64301040069', 'วัชรินทร์ รายะ', '80 หมู่ที่ 4 ถนน - ต.โนนหวาย อ.หนองวัวซอ จ.อุดรธานี 41220', '0822294171', 2, 4),
(530, '64301040070', 'นันทพงศ์ สารภาพ', '116 หมู่ที่ 3 ถนน - ต.ตูมใต้ อ.กุมภวาปี จ.อุดรธานี 41110', '0981454868', 2, 4),
(531, '64301040071', 'ธีร์ธวัช โคสาดี', '10 หมู่ที่ - ถนน ประชารังสรรค์ ต.หมากแข้ง อ.เมืองอุดรธานี จ.อุดรธานี 41000', '0953598898', 0, 0),
(532, '64301040072', 'ธวัชชัย พานิชเกียรติ', '43/4 หมู่ที่ 7 ถนน ซอยบ้านโนนพิบูลย์ ต.หมากแข้ง อ.เมืองอุดรธานี จ.อุดรธานี 41000', '0903570157', 2, 4),
(533, '64301040073', 'ณัฐวุฒิ บุญยะใบ', '35 หมู่ที่ 4 ถนน - ต.บ้านหินโงม อ.สร้างคอม จ.อุดรธานี 41260', '0623525067', 2, 4),
(534, '64301040074', 'ธนากร กาลวิบูลย์', '66/2 หมู่ที่ 8 ถนน ซอยบ้านหนองใหญ่ ต.หมากแข้ง อ.เมืองอุดรธานี จ.อุดรธานี 41000', '0985848726', 2, 4),
(535, '64301040075', 'คุณากร แก้วสีหา', '-22 หมู่ที่ 17 ถนน - ต.เชียงยืน อ.เมืองอุดรธานี จ.อุดรธานี 41000', '0982184357', 0, 0),
(536, '64301040076', 'สุริยวงศ์ อ่อนคำ', '-201 หมู่ที่ 11 ถนน - ต.หนองไฮ อ.เมืองอุดรธานี จ.อุดรธานี 41000', '0847437708', 2, 4),
(537, '64301040077', 'ภูมิรพี ทองสุขอำไพ', '7 หมู่ที่ 1 ถนน - ต.บ้านผือ อ.โพนพิสัย จ.หนองคาย 43120', '0614030475', 2, 4),
(538, '64301040078', 'พัชรพล ลาสี', '108/1 หมู่ที่ 8 ถนน - ต.นาดี อ.เมืองอุดรธานี จ.อุดรธานี 41000', '0936709758', 2, 4),
(539, '64301040079', 'ธีระเดช ถำวาปี', '358 หมู่ที่ 2 ถนน - ต.หนองไผ่ อ.เมืองอุดรธานี จ.อุดรธานี 41000', '0930818417', 2, 4),
(540, '64301040080', 'ศรศักดิ์ พิมวาปี', '92 หมู่ที่ 13 ถนน - ต.ปะโค อ.กุมภวาปี จ.อุดรธานี 41110', '0988746503', 2, 4),
(541, '64301040081', 'รัชชานนท์ แก้วคำ', '-30 หมู่ที่ 17 ถนน - ต.หนองนาคำ อ.เมืองอุดรธานี จ.อุดรธานี 41000', '0819743954', 0, 0),
(542, '64301040082', 'ชวัลลักษณ์ ไชยศรีฮาด', '189 หมู่ที่ 4 ถนน - ต.โสมเยี่ยม อ.น้ำโสม จ.อุดรธานี 41210', '0917752597', 2, 4),
(543, '64301040083', 'กิตติกร บุญประภา', '19/1 หมู่ที่ 9 ถนน -    ', '0826435583', 2, 4),
(544, '64301040084', 'ธวัชชัย แสงลี', '66 หมู่ที่ 18 ถนน - ต.ผาสุก อ.วังสามหมอ จ.อุดรธานี 41280', '0956814212', 2, 4),
(545, '64301040085', 'ไตรภพ บุดสาวาคำ', '265/8 หมู่ที่ 7 ถนน ซอยบ้านโนนยาง ต.หมากแข้ง อ.เมืองอุดรธานี จ.อุดรธานี 41000', '0819753217', 2, 4),
(546, '64301040174', 'อมรเทพ โสภากุล', '1 หมู่ที่ 6 ถนน - ต.เซิม อ.โพนพิสัย จ.หนองคาย 43120', '0613269667', 0, 0),
(547, '64301040175', 'ภราดร ล่ำลือ', '86 หมู่ที่ 5 ถนน - ต.นาทราย อ.พิบูลย์รักษ์ จ.อุดรธานี 41130', '0829631478', 2, 9),
(548, '64301040176', 'อภิชัย ขันธวิชัย', '-152 หมู่ที่ 4 ถนน - ต.หนองเม็ก อ.หนองหาน จ.อุดรธานี 41130', '0800101261', 2, 9),
(549, '64301040177', 'อภิสิทธิ์ แก้วมะณี', '127 หมู่ที่ 5 ถนน - ต.หนองไผ่ อ.หนองหาน จ.อุดรธานี 41130', '0801965502', 2, 9),
(550, '64301040178', 'ทรายุทธ บรรณบดี', '223 หมู่ที่ 10 ถนน - ต.วัดหลวง อ.โพนพิสัย จ.หนองคาย 43120', '0899848683', 2, 9),
(551, '64301040179', 'ธนพล หอมประเสริฐ', '26/1 หมู่ที่ 6 ถนน - ต.นาสิงห์ อ.ศรีวิไล จ.บึงกาฬ 38210', '0883371322', 0, 0),
(552, '64301040180', 'ชนาธิป วงกัลยา', '63 หมู่ที่ 7 ถนน - ต.จำปี อ.ศรีธาตุ จ.อุดรธานี 41230', '086-8596295', 0, 0),
(553, '64301040181', 'ณัฐวุฒิ ไชยเนตร', '41 หมู่ที่ 2 ถนน - ต.บ้านโปร่ง อ.ศรีธาตุ จ.อุดรธานี 41230', '0847424468', 2, 9),
(554, '64301040182', 'นราวิชญ์ ผันผ่อน', '263 หมู่ที่ 15 ถนน - ต.บ้านเชียง อ.หนองหาน จ.อุดรธานี 41130', '0648592714', 2, 9),
(555, '64301040183', 'ภาคภูมิ นวะสิมมา', '67 หมู่ที่ 14 ถนน - ต.หัวนาคำ อ.ศรีธาตุ จ.อุดรธานี 41230', '092-3729838', 0, 0),
(556, '64301040184', 'ไชยธิวัฒน์ ศิริบูรณ์', '241 หมู่ที่ 3 ถนน - ต.เชียงยืน อ.เมืองอุดรธานี จ.อุดรธานี 41000', '0649161219', 2, 9),
(557, '64301040185', 'เจตตพล วงค์คะสุ่ม', '56 หมู่ที่ 9 ถนน - ต.นาแก อ.นาวัง จ.หนองบัวลำภู 39170', '0932415596', 2, 9),
(558, '64301040186', 'ประสิทธิ์ พลยาง', '125 หมู่ที่ 10 ถนน - ต.บ้านโคก อ.สุวรรณคูหา จ.หนองบัวลำภู 39270', '0630757226', 2, 9),
(559, '64301040187', 'ธนาวุฒิ ทองจำรูญ', '136 หมู่ที่ 10 ถนน - ต.หายโศก อ.บ้านผือ จ.อุดรธานี 41160', '0885181336', 2, 9),
(560, '64301040188', 'วรรธนวิชย์ บุดดีวงค์', '37 หมู่ที่ 8 ถนน - ต.ม่วง อ.บ้านม่วง จ.สกลนคร 47140', '0807761042', 2, 9),
(561, '64301040189', 'ภูรินทร์ วงศ์ชมภู', '74 หมู่ที่ 2 ถนน - ต.กุดดู่ อ.โนนสัง จ.หนองบัวลำภู 39140', '090-0850812', 2, 9),
(562, '64301040190', 'วุฒิชัย อาจหาญ', '6 หมู่ที่ 4 ถนน - ต.กุดดู่ อ.โนนสัง จ.หนองบัวลำภู 39140', 'null', 2, 9),
(563, '64301040191', 'รัชฎาพร เกษแก้ว', '39/106 หมู่ที่ 8 ถนน -    ', '0929823650', 0, 0),
(564, '64301040192', 'ภาคิน ชนูนันท์', '67 หมู่ที่ 7 ถนน - ต.ชุมช้าง อ.โพนพิสัย จ.หนองคาย 43120', '0885090651', 0, 0),
(565, '64301040193', 'ธนกฤษ ฤทธิบุญ', '-476 หมู่ที่ 4 ถนน - ต.สุวรรณคูหา อ.สุวรรณคูหา จ.หนองบัวลำภู 39270', '0833426302', 2, 9),
(566, '64301040194', 'สุทธินัย ข้อลา', '132 หมู่ที่ 13 ถนน - ต.วังสามหมอ อ.วังสามหมอ จ.อุดรธานี 41280', '0836609813', 0, 0),
(567, '64301040233', 'สกุลชัย ชัยมัชฌิม', '198 หมู่ที่ 5 ถนน - ต.บ้านเหล่า อ.เพ็ญ จ.อุดรธานี 41150', '0621141488', 2, 4),
(568, '64301040234', 'พงศ์ศิริ ชานนตรี', '104 หมู่ที่ 10 ถนน - ต.ผักตบ อ.หนองหาน จ.อุดรธานี 41130', '0998718601', 0, 0),
(569, '64301040244', 'วิวัฒน์ พลาชัย', '14 หมู่ที่ 17 ต.ปากคาด อ.ปากคาด จ.บึงกาฬ 38190', '0872183658', 0, 0),
(570, '64301040246', 'อลงกรณ์ รื่นฤาทัย', '174 หมู่ที่ 7 ต.บ้านต้อน อ.รัตนวาปี จ.หนองคาย 43120', '0828785046', 0, 0),
(571, '64301040248', 'ธีรพงษ์ วงศ์สุวรรณ', '50 หมู่ที่ 12 ต.สร้างก่อ อ.กุดจับ จ.อุดรธานี 41250', '0656196467', 0, 0),
(572, '64301040254', 'สุรพัฒน์ ไชยสุทธิ์', '62 หมู่ที่ 6 ต.นาข่า อ.ท่าบ่อ จ.หนองคาย 43110', '0630052918', 0, 0),
(573, '64301040259', 'เขมรินทร์ โต้เศรษฐี', '3 ต.บ้านธาตุ อ.เพ็ญ จ.อุดรธานี 41150', 'null', 0, 0),
(574, '64301040262', 'ธีร์ธวัช โคสาดี', 'null ถนน ประชารังสรรค์ ต.หมากแข้ง อ.เมืองอุดรธานี จ.อุดรธานี 41000', 'null', 0, 0),
(575, '64301040195', 'ภูธเนศ วินิจ', '101 หมู่ที่ 4 ถนน - ต.กุดดู่ อ.โนนสัง จ.หนองบัวลำภู 39140', '091-9019565', 2, 10),
(576, '64301040196', 'สุชานนท์ บุญประคอง', '462/3 หมู่ที่ 5 ถนน - ต.หมากแข้ง อ.เมืองอุดรธานี จ.อุดรธานี 41000', '0885571759', 2, 10),
(577, '64301040197', 'จีรวัฒน์ ธรรมเทศ', '129 หมู่ที่ 17 ถนน - ต.ชุมช้าง อ.โพนพิสัย จ.หนองคาย 43120', '0835633799', 2, 10),
(578, '64301040198', 'พรทิพย์ นันดี', '98 หมู่ที่ 13 ถนน - ต.เสอเพลอ อ.กุมภวาปี จ.อุดรธานี 41110', '091-5708566', 2, 10),
(579, '64301040199', 'จิราพัชร อรรคนิตย์', '37 หมู่ที่ 11 ถนน - ต.โนนสูง อ.เมืองอุดรธานี จ.อุดรธานี 41000', '0929745414', 2, 10),
(580, '64301040200', 'จักรพงศ์ กัลยานุช', '10 หมู่ที่ 8 ถนน - ต.ทุ่งใหญ่ อ.ทุ่งฝน จ.อุดรธานี 41310', 'null', 2, 10),
(581, '64301040201', 'ปภาวินท์ ศรีบุญมี', '29 หมู่ที่ 10 ถนน - ต.เขือน้ำ อ.บ้านผือ จ.อุดรธานี 41160', '094-4712288', 2, 10),
(582, '64301040203', 'ทักษิณ วงษ์จันแดง', '181 หมู่ที่ 1 ถนน - ต.ดงสวรรค์ อ.นากลาง จ.หนองบัวลำภู 39170', '080-2318527', 2, 10),
(583, '64301040204', 'ธีรเดช อิ่มแมน', '394/2 หมู่ที่ 1 ถนน - ต.บ้านเลื่อม อ.เมืองอุดรธานี จ.อุดรธานี 41000', '087-9524529', 2, 10),
(584, '64301040205', 'ธนโชติ ผาบุญมี', '75 หมู่ที่ 4 ถนน - ต.กุดหมากไฟ อ.หนองวัวซอ จ.อุดรธานี 41220', '093-3807299', 2, 10),
(585, '64301040207', 'ทรัพย์ทวี ชัยเมืองพล', '174 หมู่ที่ 2 ถนน - ต.บ้านโพธิ์ อ.โพนพิสัย จ.หนองคาย 43120', '098-3371517', 0, 0),
(586, '64301040208', 'กฤตพร ชานุบาล', '196 หมู่ที่ 10 ถนน - ต.วัดหลวง อ.โพนพิสัย จ.หนองคาย 43120', '0986312005', 2, 10),
(587, '64301040209', 'อภิชาติ นามบุรินทร์', '68 หมู่ที่ 1 ถนน - ต.นาหนัง อ.โพนพิสัย จ.หนองคาย 43120', '0944952999', 2, 10),
(588, '64301040210', 'พาดล ลาดบัวศรี', '27 หมู่ที่ 4 ถนน - ต.ดงมะไฟ อ.สุวรรณคูหา จ.หนองบัวลำภู 39270', '080-9319663', 0, 0),
(589, '64301040211', 'สราวุฒิ ปวงสุข', '-62 หมู่ที่ 10 ถนน - ต.หนองเลิง อ.เมืองบึงกาฬ จ.บึงกาฬ 38000', '0966572197', 2, 10),
(590, '64301040212', 'นนธวัช หนองนา', '-229 หมู่ที่ -5 ถนน - ต.หนองเลิง อ.เมืองบึงกาฬ จ.บึงกาฬ 38000', '0988539791', 2, 10),
(591, '64301040214', 'ภาณุพงศ์ ศรีบุญเรือง', '199 หมู่ที่ 9 ถนน - ต.กลางใหญ่ อ.บ้านผือ จ.อุดรธานี 41160', '0653236964', 2, 10),
(592, '64301040215', 'พุฒิพงศ์ ศรีพลเมือง', '93 หมู่ที่ 3 ถนน - ต.บ้านชัย อ.บ้านดุง จ.อุดรธานี 41190', '092-8805991', 0, 0),
(593, '64301040216', 'กันติศักดิ์ จิตรเจริญ', '156 หมู่ที่ 10 ถนน - ต.สุมเส้า อ.เพ็ญ จ.อุดรธานี 41150', '0844083369', 2, 11),
(594, '64301040217', 'ทักษิณ ทิพฤตรี', '-100 หมู่ที่ 1 ถนน - ต.จำปี อ.ศรีธาตุ จ.อุดรธานี 41230', '0645183473', 2, 11),
(595, '64301040218', 'อภิเชษฐ์ พิมพ์หาร', '51 หมู่ที่ 1 ถนน - ต.หนองเทา อ.ท่าอุเทน จ.นครพนม 48120', '0803502627', 0, 0),
(596, '64301040220', 'ธนพล มโนศรี', '104 หมู่ที่ 14 ถนน - ต.โพนงาม อ.หนองหาน จ.อุดรธานี 41130', '0878339789', 2, 11),
(597, '64301040221', 'ทินกฤต เกตุทองมา', '81 หมู่ที่ 10 ถนน - ต.จำปาโมง อ.บ้านผือ จ.อุดรธานี 41160', '0844088218', 0, 0),
(598, '64301040222', 'ปริญญา ทานคำ', '157 หมู่ที่ 7 ถนน - ต.คำบง อ.บ้านผือ จ.อุดรธานี 41160', '0934421802', 0, 0),
(599, '64301040223', 'พุฒิพงศ์ พรไชย', '126 หมู่ที่ 7 ถนน - ต.โนนทอง อ.บ้านผือ จ.อุดรธานี 41160', '0972139777', 0, 0),
(600, '64301040224', 'จิรพันธ์ พานุรักษ์', '16 หมู่ที่ 3 ถนน - ต.สังคม อ.สังคม จ.หนองคาย 43160', '084-2563716', 0, 0),
(601, '64301040225', 'รณภูมิ ศุภพร', '187 หมู่ที่ 4 ถนน - ต.พันดอน อ.กุมภวาปี จ.อุดรธานี 41110', '0642298959', 0, 0),
(602, '64301040226', 'ศักดิ์ดา สิมมา', '79/1 หมู่ที่ 2 ถนน - ต.พานพร้าว อ.ศรีเชียงใหม่ จ.หนองคาย 43130', '0645754159', 2, 11),
(603, '64301040227', 'ชลธาร นักขุนทด', '133 หมู่ที่ 5 ถนน - ต.หนองแวง อ.น้ำโสม จ.อุดรธานี 41210', '0961972964', 0, 0),
(604, '64301040228', 'ธนพล รูปดี', '62 หมู่ที่ 3 ถนน - ต.เชียงยืน อ.เมืองอุดรธานี จ.อุดรธานี 41000', '0931296167', 2, 11),
(605, '64301040229', 'อภิพล ภาดี', '50 หมู่ที่ 11 ถนน - ต.สร้อยพร้าว อ.หนองหาน จ.อุดรธานี 41130', '0852956952', 2, 11),
(606, '64301040230', 'ธนรักษ์ รัตนประเสริฐ', '91 หมู่ที่ 16 ถนน บ้านติ้ว ต.เมืองพาน อ.บ้านผือ จ.อุดรธานี 41160', '0903480446', 2, 11),
(607, '64301040231', 'ณัฐปคัลภ์ คำมันตรี', '66 หมู่ที่ 2 ถนน - ต.สร้างคอม อ.สร้างคอม จ.อุดรธานี 41260', '0843435225', 2, 11),
(608, '64301040232', 'นภัส สุขภิบาล', '64 หมู่ที่ 3 ถนน - ต.โพนสูง อ.ไชยวาน จ.อุดรธานี 41290', '0862276509', 0, 0),
(609, '64301040235', 'ชัยวัฒน์ วงษาหาราช', '-123 หมู่ที่ 2 ถนน - ต.ศรีธาตุ อ.ศรีธาตุ จ.อุดรธานี 41230', 'null', 0, 0),
(610, '64301040236', 'คณาพงษ์ โคตรมงคล', '30 หมู่ที่ 10 ถนน - ต.นาแก อ.นาวัง จ.หนองบัวลำภู 39170', '0807497846', 2, 11),
(611, '64301040237', 'กิตติพงษ์ นาวา', '202 หมู่ที่ 14 ถนน - ต.นาสี อ.สุวรรณคูหา จ.หนองบัวลำภู 39270', '0983593863', 0, 0),
(612, '64301040240', 'ชนตะวัน วาดวงษ์', '589 หมู่ที่ 10 ต.คลองขลุง อ.คลองขลุง จ.กำแพงเพชร 62120', '0956433764', 2, 11),
(613, '64301040241', 'ศิวโรจน์ นามวงศา', '30 หมู่ที่ 11 ต.น้ำโมง อ.ท่าบ่อ จ.หนองคาย 43110', '0829453451', 2, 11),
(614, '64301040245', 'นันทวัฒน์ วังหล้า', '319 หมู่ที่ 6 ต.ท่าบ่อ อ.ท่าบ่อ จ.หนองคาย 43110', '0869675749', 2, 11),
(615, '64301040253', 'ธาราวุฒิ วงศ์ประกรณ์กุล', '377 หมู่ที่ 2 ต.พานพร้าว อ.ศรีเชียงใหม่ จ.หนองคาย 43130', '0803894881', 2, 11),
(616, '64301040255', 'ถิรวัฒน์ ไสยเรือง', '2 หมู่ที่ 11 ต.ห้วยโพธิ์ อ.เมืองกาฬสินธุ์ จ.กาฬสินธุ์ 46000', '0845135564', 0, 0),
(617, '64301050001', 'เจนจิรา มหาชัย', '76 หมู่ที่ 9 ถนน - ต.บ้านขาว อ.เมืองอุดรธานี จ.อุดรธานี 41000', '0899411090', 1, 1),
(618, '64301050002', 'ธนบดี พาภักดี', '65 หมู่ที่ 2 ถนน - ต.โนนสูง อ.เมืองอุดรธานี จ.อุดรธานี 41000', '0849521040', 1, 1),
(619, '64301050003', 'ภูวดล มาศแก้ว', '759/1 หมู่ที่ 1 ถนน - ต.บ้านเลื่อม อ.เมืองอุดรธานี จ.อุดรธานี 41000', 'null', 1, 1),
(620, '64301050004', 'ภารวี ดุสิตา', '55 หมู่ที่ 9 ถนน - ต.กุดสระ อ.เมืองอุดรธานี จ.อุดรธานี 41000', '0921544820', 1, 1),
(621, '64301050005', 'พิชัยยุทธ คำจันทร์', '112/11 หมู่ที่ 7 ต.หนองไผ่ อ.เมืองอุดรธานี จ.อุดรธานี 41000', '098-8547390', 1, 1),
(622, '64301050006', 'ทิพากร ชินพา', '131/2 หมู่ที่ 1 ถนน อุดร - เชียงยืน ต.บ้านเลื่อม อ.เมืองอุดรธานี จ.อุดรธานี 41000', '089-5775383', 1, 1),
(623, '64301050007', 'อิทธิกร นามภูมี', '193 หมู่ที่ 5 ถนน บ้านดงเพ็ญ ต.เชียงหวาง อ.เพ็ญ จ.อุดรธานี 41150', '092-6869949', 1, 1),
(624, '64301050008', 'เจษฎา ลานนท์', '74/6 หมู่ที่ 1 ต.หมากแข้ง อ.เมืองอุดรธานี จ.อุดรธานี 41000', '097-2913017', 1, 1),
(625, '64301050009', 'ปฏิภาน ภาษีอินทร์', '213/3 หมู่ที่ 9 ต.หมูม่น อ.เมืองอุดรธานี จ.อุดรธานี 41000', '083-7340673.', 1, 1),
(626, '64301050010', 'กิตติวัฒน์ ถาดทอง', '79 หมู่ที่ 5 ต.หมูม่น อ.เมืองอุดรธานี จ.อุดรธานี 41000', '098-6075462', 1, 1),
(627, '64301050011', 'ภูรินทร์ บุญชะนะ', '97 หมู่ที่ 8 ต.บ้านขาว อ.เมืองอุดรธานี จ.อุดรธานี 41000', '086-2387963', 1, 1),
(628, '64301050012', 'ธวัชชัย อุภัยพรม', '107 หมู่ที่ 3 ต.เชียงหวาง อ.เพ็ญ จ.อุดรธานี 41150', '092-2924806', 1, 1),
(629, '64301050013', 'ณัฏฐกฤต ชมภูโคตร์', '203 หมู่ที่ 15 ต.น้ำโสม อ.น้ำโสม จ.อุดรธานี 41210', '0952935175', 1, 1),
(630, '64301050014', 'อิทธิกร กัญญ์วรากุล', '12 ถนน มุขมนตรี ต.หมากแข้ง อ.เมืองอุดรธานี จ.อุดรธานี 41000', '093-4534569', 1, 1),
(631, '64301050015', 'อชิรวิทย์ กอผจญ', '49 หมู่ที่ 13 ต.บ้านธาตุ อ.เพ็ญ จ.อุดรธานี 41150', '064-7393395', 1, 1),
(632, '64301050016', 'ธีรนันท์ พรมลี', '79 หมู่ที่ 17 ต.เสอเพลอ อ.กุมภวาปี จ.อุดรธานี 41110', '096-5947699', 1, 1),
(633, '64301050017', 'วรวุฒิ พละคร', '149 หมู่ที่ 6 ถนน - ต.หมากแข้ง อ.เมืองอุดรธานี จ.อุดรธานี 41000', '-', 1, 1),
(634, '64301050018', 'พรพิพัฒน์ กิตติชูพงศ์', '148/6 ถนน อุดรดุษฎี ต.หมากแข้ง อ.เมืองอุดรธานี จ.อุดรธานี 41000', '0874229379', 1, 1),
(635, '64301050019', 'เดชาธร ยลวงค์', '217 หมู่ที่ 2 ต.วังสามหมอ อ.วังสามหมอ จ.อุดรธานี 41280', 'null', 1, 1),
(636, '64301050020', 'วรพจน์ ผิวโพธิ์', '21/1 หมู่ที่ 7 ต.หมากแข้ง อ.เมืองอุดรธานี จ.อุดรธานี 41000', '089-8418253', 0, 0),
(637, '64301050055', 'ฐิติพร บำรุงภักดี', '71 หมู่ที่ 4 ต.โพนงาม อ.หนองหาน จ.อุดรธานี 41130', '084-4283304', 0, 0),
(638, '64301050057', 'ธนภัทร รักษาสัตย์', '241 หมู่ที่ 13 ถนน - ต.พานพร้าว อ.ศรีเชียงใหม่ จ.หนองคาย 43130', '0982077339', 1, 4),
(639, '64301050058', 'ภาราดร สลับแก้ว', '220 หมู่ที่ 3 ถนน - ต.บ้านจีต อ.กู่แก้ว จ.อุดรธานี 41130', '0965684208', 1, 4),
(640, '64301050059', 'ทศพร วงษ์คำ', '48 หมู่ที่ 6 ถนน - ต.บ้านจีต อ.กู่แก้ว จ.อุดรธานี 41130', '0831439102', 1, 4),
(641, '64301050060', 'ชลธาร เวียงคำ', '341 หมู่ที่ 6 ถนน - ต.หนองปลาปาก อ.ศรีเชียงใหม่ จ.หนองคาย 43130', '0828955472', 1, 4),
(642, '64301050061', 'วรัญญา คำศรี', '335 หมู่ที่ 1 ถนน - ต.หนองกอมเกาะ อ.เมืองหนองคาย จ.หนองคาย 43000', '0980500976', 1, 4),
(643, '64301050062', 'สุริยัน ทาอ่อน', '25 หมู่ที่ 9 ถนน - ต.หนองนาคำ อ.เมืองอุดรธานี จ.อุดรธานี 41000', '0981163380', 1, 4),
(644, '64301050063', 'สุภาวดี ทิพยโกมล', '-221 หมู่ที่ 16 ถนน - ต.เชียงหวาง อ.เพ็ญ จ.อุดรธานี 41150', '093-0718931', 1, 4),
(645, '64301050064', 'ธนากร ว่องไว', '70 หมู่ที่ 2 ถนน - ต.ดงหม้อทองใต้ อ.บ้านม่วง จ.สกลนคร 47140', '0985682035', 1, 4),
(646, '64301050065', 'ปิยราช กันดูลย์', '184 หมู่ที่ 10 ถนน - ต.เมืองเพีย อ.กุดจับ จ.อุดรธานี 41250', '0937854110', 1, 4),
(647, '64301050066', 'ราเมศวร์ อุ้ยปะโค', '-210 หมู่ที่ 7 ถนน - ต.บะยาว อ.วังสามหมอ จ.อุดรธานี 41280', 'null', 1, 4),
(648, '64301050067', 'พีรวัฒน์ ยอโง้ง', '188 หมู่ที่ 5 ถนน - ต.ศรีสำราญ อ.พรเจริญ จ.บึงกาฬ 38180', '0945602983', 1, 4),
(649, '64301050068', 'ณัฐพล เวียงนนท์', '251 หมู่ที่ 2 ถนน - ต.ดงหม้อทองใต้ อ.บ้านม่วง จ.สกลนคร 47140', '0984713051', 0, 0),
(650, '64301050069', 'รัตนชัย สุวรรณศรี', '244 หมู่ที่ 7 ถนน - ต.ดงหม้อทองใต้ อ.บ้านม่วง จ.สกลนคร 47140', '085-7461458', 0, 0),
(651, '64301050070', 'ศักดิธัช สาหร่าย', '145 หมู่ที่ 6 ถนน - ต.บะยาว อ.วังสามหมอ จ.อุดรธานี 41280', '0655759512', 0, 0),
(652, '64301050071', 'ศักดาเทพ วงษ์กะโซ่', '-13 หมู่ที่ 8 ถนน - ต.โซ่ อ.โซ่พิสัย จ.บึงกาฬ 38170', '0862407593', 1, 4),
(653, '64301050072', 'นิภาพร เหลาเงิน', '167 หมู่ที่ 2 ถนน - ต.เชียงยืน อ.เมืองอุดรธานี จ.อุดรธานี 41000', '0854573169', 1, 4),
(654, '64301050073', 'ปฏิภาณ โสวัน', '419 หมู่ที่ 12 ถนน - ต.สามพร้าว อ.เมืองอุดรธานี จ.อุดรธานี 41000', '0940373035', 1, 4),
(655, '64301050074', 'อัมรินทร์ ไพรสุวรรณ', '129 หมู่ที่ 15 ถนน - ต.บ้านเชียง อ.หนองหาน จ.อุดรธานี 41130', '0832840346', 1, 4),
(656, '64301050075', 'จิระศักดิ์ ฐิตะปุระ', '-123 หมู่ที่ 1 ถนน - ต.กุงเก่า อ.ท่าคันโท จ.กาฬสินธุ์ 46190', '0986708675', 1, 4),
(657, '64301050076', 'วนิชชากร อะกะมุงคุณ', '28 หมู่ที่ 5 ถนน - ต.นาตาล อ.ท่าคันโท จ.กาฬสินธุ์ 46190', '098-9615171', 0, 0),
(658, '64301050077', 'ณัฐพงษ์ ปัทวงค์', '87 หมู่ที่ 3 ถนน - ต.ฝั่งแดง อ.นากลาง จ.หนองบัวลำภู 39170', '0656567382', 0, 0),
(659, '64301050078', 'อภิญญา เพริดพราว', '-132 หมู่ที่ 12 ถนน - ต.บะยาว อ.วังสามหมอ จ.อุดรธานี 41280', '0935473320', 0, 0),
(660, '64301050021', 'เอกราช อินทะวงค์', '143/2 หมู่ที่ 13 ต.หนองบัว อ.เมืองหนองบัวลำภู จ.หนองบัวลำภู 39000', '0934685732', 1, 2),
(661, '64301050022', 'วนศักดิ์ รามฤทธิ์', '40 หมู่ที่ 3 ถนน - ต.สร้อยพร้าว อ.หนองหาน จ.อุดรธานี 41130', '0933253648', 1, 2),
(662, '64301050023', 'อาทิตย์ อุ่นตรงจิตร', '104 หมู่ที่ 3 ต.ตูมใต้ อ.กุมภวาปี จ.อุดรธานี 41110', '082-7391278', 1, 2),
(663, '64301050024', 'นัฐวุธ คำใบ', '470/25 ต.บ้านเลื่อม อ.เมืองอุดรธานี จ.อุดรธานี 41000', '094-5415172', 1, 2),
(664, '64301050025', 'การัณยภาส ฟองสมุทร', '101 หมู่ที่ 10 ต.บ้านผือ อ.บ้านผือ จ.อุดรธานี 41160', '085-7527674', 1, 2),
(665, '64301050026', 'ภัคพร ศรีชาลี', '99 หมู่ที่ 4 ต.กุดสระ อ.เมืองอุดรธานี จ.อุดรธานี 41000', '087-6382155', 0, 0),
(666, '64301050027', 'ณัชชา พิมพ์คีรี', '125 หมู่ที่ 9 ถนน - ต.หนองบัวบาน อ.หนองวัวซอ จ.อุดรธานี 41220', '0872287164', 1, 2),
(667, '64301050028', 'ณัฐวุฒิ แสวงสุข', '26/8 หมู่ที่ 4 ถนน - ต.บ้านเลื่อม อ.เมืองอุดรธานี จ.อุดรธานี 41000', '0840524835', 1, 2),
(668, '64301050029', 'วรเทพ ตั้นพันธุ์', '146 หมู่ที่ 1 ถนน - ต.บ้านเชียง อ.หนองหาน จ.อุดรธานี 41130', '0868224348', 1, 2),
(669, '64301050030', 'เมธา ใจภักดี', '163 หมู่ที่ 11 ถนน - ต.หนองไฮ อ.เมืองอุดรธานี จ.อุดรธานี 41000', '0878615529', 1, 2),
(670, '64301050031', 'พิสุทธิทรัพย์ จานุรัตน์', '252 หมู่ที่ 13 ถนน - ต.หนองนาคำ อ.เมืองอุดรธานี จ.อุดรธานี 41000', '0617460941', 1, 2),
(671, '64301050032', 'เศรษฐ์สิรภพ นารินทร์รักษ์', '256 หมู่ที่ 3 ถนน บ้านหนองตุ 2 ต.หมากแข้ง อ.เมืองอุดรธานี จ.อุดรธานี 41000', '0823019922', 1, 2),
(672, '64301050033', 'พิยดา ผาจวง', '116 หมู่ที่ 3 ถนน - ต.น้ำพ่น อ.หนองวัวซอ จ.อุดรธานี 41220', '092-1451600', 1, 2),
(673, '64301050034', 'สุธิดา โพธิผาง', '85 หมู่ที่ 9 ถนน - ต.หนองนาคำ อ.เมืองอุดรธานี จ.อุดรธานี 41000', '0982343104', 0, 0),
(674, '64301050035', 'อรดา ผาหัวดง', '208 หมู่ที่ 15 ถนน - ต.เมืองเพีย อ.กุดจับ จ.อุดรธานี 41250', '0842979727', 1, 2),
(675, '64301050036', 'ณัฐวัฒน์ ธุระพระ', '276 หมู่ที่ 15 ถนน - ต.นาพู่ อ.เพ็ญ จ.อุดรธานี 41150', '0828535274', 1, 2),
(676, '64301050037', 'ไอยลดา คงยัง', '198 หมู่ที่ 9 ถนน - ต.เมืองเพีย อ.กุดจับ จ.อุดรธานี 41250', '0880699133', 0, 0),
(677, '64301050038', 'เชิดพงษ์ ม่วงสุราษฎร์', '224 หมู่ที่ 8 ถนน - ต.เชียงเพ็ง อ.กุดจับ จ.อุดรธานี 41250', '0952534756', 0, 0),
(678, '64301050039', 'ณัฐวุฒิ สนคณาวงศ์', '89/6 หมู่ที่ 17 ถนน - ต.หนองนาคำ อ.เมืองอุดรธานี จ.อุดรธานี 41000', '0630507105', 1, 2),
(679, '64301050040', 'ก่อเกียรติ มาบุญ', '9 หมู่ที่ 8 ถนน - ต.เชียงเพ็ง อ.กุดจับ จ.อุดรธานี 41250', '0926926854', 1, 2),
(680, '64301050079', 'ณัฐดนัย ไชยมีสุข', '5 หมู่ที่ 8 ถนน - ต.ดงสวรรค์ อ.นากลาง จ.หนองบัวลำภู 39170', '0949449452', 1, 5),
(681, '64301050080', 'พิทักษ์ ติยะบุตร', '58 หมู่ที่ 6 ถนน - ต.ท่าสะอาด อ.เซกา จ.บึงกาฬ 38150', '0931069768', 1, 5),
(682, '64301050081', 'ณุภาพงษ์ พระภูมิ', '187 หมู่ที่ 10 ถนน - ต.หนองหัวช้าง อ.พรเจริญ จ.บึงกาฬ 38180', '061-1276495', 1, 5),
(683, '64301050082', 'ฐิติกร พระภูมี', '101 หมู่ที่ 4 ถนน - ต.หนองหัวช้าง อ.พรเจริญ จ.บึงกาฬ 38180', '0934823072', 1, 5),
(684, '64301050083', 'ธีรวัฒน์ วงศรีลา', '172 หมู่ที่ 9 ถนน - ต.นาใน อ.พรรณานิคม จ.สกลนคร 47130', '085-7470139', 1, 5),
(685, '64301050084', 'ปฏิภาณ อัญทะปัญญา', '101 หมู่ที่ 2 ถนน - ต.นาแก อ.นาวัง จ.หนองบัวลำภู 39170', '0930609702', 1, 5),
(686, '64301050085', 'ภัทรภณ ภัทราณิชชากร', '18 หมู่ที่ 1 ถนน - ต.นาแก อ.นาวัง จ.หนองบัวลำภู 39170', '098-0952481', 1, 5),
(687, '64301050086', 'วัชรพงศ์ ชูเลิศ', '134 หมู่ที่ 13 ถนน - ต.ขอนยูง อ.กุดจับ จ.อุดรธานี 41250', '0981414795', 1, 5),
(688, '64301050087', 'ธงชัย จำปาน้อย', '686 หมู่ที่ 9 ถนน - ต.เชียงพิณ อ.เมืองอุดรธานี จ.อุดรธานี 41000', '0933841440', 1, 5),
(689, '64301050088', 'ธนา กรไชยา', '73 หมู่ที่ 5 ถนน - ต.ท่าคันโท อ.ท่าคันโท จ.กาฬสินธุ์ 46190', '094-5395334', 1, 5),
(690, '64301050089', 'จีระยุทธ์ แก้วแสนเมือง', '130 หมู่ที่ 14 ถนน - ต.สุมเส้า อ.เพ็ญ จ.อุดรธานี 41150', '0904512667', 1, 5),
(691, '64301050091', 'ตรีทิพย์ เพิ่มพูล', '340 หมู่ที่ 9 ถนน - ต.นางิ้ว อ.สังคม จ.หนองคาย 43160', 'null', 1, 5),
(692, '64301050092', 'เอกอนันท์ กลิ่นหอมอ่อน', '326 หมู่ที่ 11 ถนน อุดร - หนองคาย ต.กุดสระ อ.เมืองอุดรธานี จ.อุดรธานี 41000', '083-3260693', 1, 2),
(693, '64301050093', 'ปัญญา คำมูล', '118/1 หมู่ที่ 8 ต.บ้านจั่น อ.เมืองอุดรธานี จ.อุดรธานี 41000', '0842934820', 1, 5),
(694, '64301050094', 'ภาณุพงษ์ โอลสัน', '163 หมู่ที่ 10 ต.หนองหาน อ.หนองหาน จ.อุดรธานี 41130', '0660537742', 0, 0),
(695, '64301050095', 'ชัยพัฒน์ โคตรชมภู', '125 หมู่ที่ 7 ต.บ้านฝาง อ.สระใคร จ.หนองคาย 43100', '0934763590', 1, 5),
(696, '64301050096', 'สิทธิพล แก้ววงศ์ษา', '27 หมู่ที่ 4 ต.หนองหัวช้าง อ.พรเจริญ จ.บึงกาฬ 38180', '0898425535', 0, 0),
(697, '64301050097', 'สุภาพร สิงห์ทอง', '130 หมู่ที่ 2 ต.แก้งไก่ อ.สังคม จ.หนองคาย 43160', '0631370322', 0, 0),
(698, '64301050098', 'เชิดพงษ์ ม่วงสุราษฎร์', '8 ต.เชียงเพ็ง อ.กุดจับ จ.อุดรธานี 41250', 'null', 1, 2),
(699, '64301050101', 'สุธิดา โพธิผาง', '9 ต.หนองนาคำ อ.เมืองอุดรธานี จ.อุดรธานี 41000', 'null', 0, 0),
(700, '64301050102', 'ภาณุพงษ์ โอลสัน', '10 ต.หนองหาน อ.หนองหาน จ.อุดรธานี 41130', 'null', 0, 0),
(701, '64301050041', 'นันทภัทร ไชยรัตน์', '27 หมู่ที่ 9 ถนน - ต.หนองหัวคู อ.บ้านผือ จ.อุดรธานี 41160', '085-7572942', 1, 3),
(702, '64301050042', 'ธีระพัฒน์ ราศรีจันทร์', '705/1 หมู่ที่ 9 ถนน - ต.เชียงพิณ อ.เมืองอุดรธานี จ.อุดรธานี 41000', '0860038707', 1, 3),
(703, '64301050043', 'พีรพัฒน์ บุญทองอ่อน', '13 หมู่ที่ 14 ถนน - ต.สามพร้าว อ.เมืองอุดรธานี จ.อุดรธานี 41000', '0810499709', 1, 3),
(704, '64301050044', 'อัญธิกา บุตตะเสน', '74/20 ถนน ทหาร ต.หมากแข้ง อ.เมืองอุดรธานี จ.อุดรธานี 41000', '087-4306113', 1, 3),
(705, '64301050045', 'อภินันท์ เรืองจันทร์', '124 หมู่ที่ 13 ต.บ้านหยวก อ.น้ำโสม จ.อุดรธานี 41210', '088-4234903', 0, 0),
(706, '64301050046', 'กนกกาญจน์ วีขุนทด', '69/4 หมู่ที่ 14 ต.หมากแข้ง อ.เมืองอุดรธานี จ.อุดรธานี 41000', '0638519509', 1, 3),
(707, '64301050047', 'ภราดร ถิ่นเทศ', '21/8 ถนน โพศรี ต.หมากแข้ง อ.เมืองอุดรธานี จ.อุดรธานี 41000', '098-4629306', 1, 3),
(708, '64301050048', 'จงเจตน์ หีบแก้ว', '103/1 หมู่ที่ 2 ต.เมืองเพีย อ.กุดจับ จ.อุดรธานี 41250', 'null', 0, 0),
(709, '64301050049', 'กฤษณะ ช่างชัย', '28 หมู่ที่ 5 ต.บ้านพร้าว อ.เมืองหนองบัวลำภู จ.หนองบัวลำภู 39000', '081-8738436', 1, 3),
(710, '64301050050', 'ณรงค์ฤทธิ์ ประสพสมัย', '82 หมู่ที่ 2 ถนน บริบาล ต.บ้านผือ อ.บ้านผือ จ.อุดรธานี 41160', '081-5463599', 1, 3),
(711, '64301050051', 'กฤษฎา พรมมาไว', '3 หมู่ที่ 5 ต.โพนงาม อ.หนองหาน จ.อุดรธานี 41130', '062-1423274', 1, 3),
(712, '64301050052', 'เมธิชัย คำภู', '240 หมู่ที่ 2 ต.บ้านจั่น อ.เมืองอุดรธานี จ.อุดรธานี 41000', '063-9567952', 1, 3),
(713, '64301050053', 'ภูวมินทร์ สีดาแจ่ม', '153 หมู่ที่ 6 ถนน - ต.เมืองเพีย อ.กุดจับ จ.อุดรธานี 41250', '-', 1, 3),
(714, '64301050054', 'สิรภพ ม่อมพะเนาว์', '214/1 หมู่ที่ 3 ต.หนองนาคำ อ.เมืองอุดรธานี จ.อุดรธานี 41000', '087-4918665', 1, 3),
(715, '64301050056', 'เอกรินทร์ สินรัตน์', '158 หมู่ที่ 10 ถนน - ต.หนองยอง อ.ปากคาด จ.บึงกาฬ 38190', '0927560471', 1, 3),
(716, '64301050090', 'เจษฎากร มนต์วิเศษ', '68 หมู่ที่ 4 ถนน - ต.นาทราย อ.พิบูลย์รักษ์ จ.อุดรธานี 41130', 'null', 0, 0),
(717, '64301050099', 'จงเจตน์ หีบแก้ว', '2 ต.เมืองเพีย อ.กุดจับ จ.อุดรธานี 41250', 'null', 1, 3),
(718, '64301050100', 'อภินันท์ เรืองจันทร์', '13 ต.บ้านหยวก อ.น้ำโสม จ.อุดรธานี 41210', 'null', 0, 0),
(719, '64301060001', 'ณัฐวุฒิ ธาตุไพบุลย์', '-164 หมู่ที่ 20 ถนน - ต.บ้านธาตุ อ.เพ็ญ จ.อุดรธานี 41150', '089-6767868', 11, 1),
(720, '64301060002', 'หัสรินทร์ มาตรา', '380 หมู่ที่ 17 ถนน - ต.หนองนาคำ อ.เมืองอุดรธานี จ.อุดรธานี 41000', '06-15147410', 0, 0),
(721, '64301060003', 'เจษฎาภรณ์ บุตรลี', '118 หมู่ที่ 10 ถนน - ต.เขือน้ำ อ.บ้านผือ จ.อุดรธานี 41160', '0956684482', 0, 0),
(722, '64301060004', 'เกียรติศักดิ์ ชัยเฉลิม', '-190 หมู่ที่ 5 ถนน - ต.หมูม่น อ.เมืองอุดรธานี จ.อุดรธานี 41000', '0963582044', 0, 0),
(723, '64301060005', 'รชต ขัตติยะ', '48 หมู่ที่ 7 ถนน - ต.รัตนวาปี อ.รัตนวาปี จ.หนองคาย 43120', '0972676341', 11, 1),
(724, '64301060006', 'กนธี ทองอุดร', '133 หมู่ที่ 13 ถนน - ต.หายโศก อ.บ้านผือ จ.อุดรธานี 41160', '0895099744', 11, 1),
(725, '64301060007', 'ธนวัฒน์ ดวงดี', '478/3 หมู่ที่ 5 ถนน - ต.บ้านเลื่อม อ.เมืองอุดรธานี จ.อุดรธานี 41000', '0933264998', 11, 1),
(726, '64301060008', 'ธนราชันย์ จันทรา', '80 หมู่ที่ 4 ถนน - ต.ข้าวสาร อ.บ้านผือ จ.อุดรธานี 41160', '084-3899815', 11, 1),
(727, '64301060009', 'นรบดี อยู่สุข', '18/1 หมู่ที่ 10 ถนน - ต.หนองไฮ อ.เมืองอุดรธานี จ.อุดรธานี 41000', '0843921634', 11, 1),
(728, '64301060010', 'กัญญาพัชร ปทุมรัตน์', '1 หมู่ที่ 4 ถนน - ต.หนองอ้อ อ.หนองวัวซอ จ.อุดรธานี 41220', '0621657814', 11, 1),
(729, '64301060011', 'วิภาวี ต้นไทร', '123 หมู่ที่ 14 ถนน - ต.เขือน้ำ อ.บ้านผือ จ.อุดรธานี 41160', '0616570090', 11, 1),
(730, '64301060012', 'นนธวัช ธรรมโรจน์', '144 หมู่ที่ 17 ถนน - ต.หนองนาคำ อ.เมืองอุดรธานี จ.อุดรธานี 41000', '0895720072', 0, 0),
(731, '64301060013', 'สุขชีวัฒน์ วงค์ศรีชา', '170 หมู่ที่ 2 ถนน - ต.หนองแคน อ.ดงหลวง จ.มุกดาหาร 49140', '084-5161603', 0, 0),
(732, '64301060014', 'ธนัฐชัย โคตรวิทย์', '175/5 หมู่ที่ 5 ถนน - ต.หนองบัว อ.เมืองอุดรธานี จ.อุดรธานี 41000', '0900274955', 11, 1),
(733, '64301060015', 'วรเทพ ริยะสุ', '-338/5 หมู่ที่ 6 ถนน - ต.หมากแข้ง อ.เมืองอุดรธานี จ.อุดรธานี 41000', '0830721731', 11, 1),
(734, '64301060016', 'อนุภัทร แหขุนทด', '293 หมู่ที่ 5 ถนน - ต.นาหนัง อ.โพนพิสัย จ.หนองคาย 43120', '0836739945', 11, 1),
(735, '64301060017', 'ณัฐพนธ์ สารีโท', '89 หมู่ที่ 3 ถนน - ต.หนองนาคำ อ.เมืองอุดรธานี จ.อุดรธานี 41000', '0868641034', 0, 0),
(736, '64301060018', 'พรรณิภา คำชนะ', '21/1 หมู่ที่ 5 ถนน - ต.หมูม่น อ.เมืองอุดรธานี จ.อุดรธานี 41000', '0997312106', 11, 1),
(737, '64301060019', 'กัญญารัตน์ ศรีสงัด', '39/2 หมู่ที่ 15 ถนน - ต.หนองนาคำ อ.เมืองอุดรธานี จ.อุดรธานี 41000', '0885152885', 0, 0),
(738, '64301060020', 'ศุภกฤษ คงกระพันธ์', '322 หมู่ที่ 12 ถนน - ต.วังหลวง อ.เฝ้าไร่ จ.หนองคาย 43120', '064-2059991', 11, 1),
(739, '64301060021', 'อัญสุมา วิธิบุลย์', '24 หมู่ที่ 7 ถนน - ต.หนองหว้า อ.กุมภวาปี จ.อุดรธานี 41110', '092-9891340', 11, 2),
(740, '64301060022', 'ศุกลวัฒณ์ บัวจูม', '113 หมู่ที่ 10 ถนน - ต.สุมเส้า อ.เพ็ญ จ.อุดรธานี 41150', '082-8373295', 11, 2),
(741, '64301060023', 'เอเซีย รัฐมหาวิรุฬห์กร', '162 หมู่ที่ 10 ถนน - ต.โนนสูง อ.เมืองอุดรธานี จ.อุดรธานี 41000', '0930812413', 11, 2),
(742, '64301060024', 'จิรารัตน์ พิลาชัย', '-147/3 หมู่ที่ 1 ถนน - ต.หนองบัว อ.เมืองอุดรธานี จ.อุดรธานี 41000', '0898403377', 0, 0),
(743, '64301060025', 'สิรวิชญ์ สิงทิศ', '211 หมู่ที่ 1 ถนน - ต.นาทับไฮ อ.รัตนวาปี จ.หนองคาย 43120', '085-7516641', 0, 0),
(744, '64301060026', 'ธนดล บุญประจันทร์', '91 หมู่ที่ 9 ถนน - ต.นาดี อ.สุวรรณคูหา จ.หนองบัวลำภู 39270', '0892759478', 0, 0),
(745, '64301060027', 'เหมือนฝัน ทวีทรัพย์', '55 หมู่ที่ 4 ถนน - ต.คำเลาะ อ.ไชยวาน จ.อุดรธานี 41290', 'null', 11, 2),
(746, '64301060028', 'ณัฐพัฒน์ แพงศรี', '192 หมู่ที่ 6 ถนน - ต.บุญทัน อ.สุวรรณคูหา จ.หนองบัวลำภู 39270', '0641011064', 11, 2),
(747, '64301060029', 'สันติสุข กิตติจตุรงค์', '-84 หมู่ที่ 1 ถนน - ต.กุมภวาปี อ.กุมภวาปี จ.อุดรธานี 41110', '0817682277', 11, 2),
(748, '64301060030', 'ไผ่สุริยา พิกากัน', '379 หมู่ที่ 2 ถนน - ต.วังหลวง อ.เฝ้าไร่ จ.หนองคาย 43120', '083-8106245', 11, 2),
(749, '64301060031', 'ทัศพงศ์ ผ้นผ่อน', '124 หมู่ที่ 5 ถนน - ต.เชียงพิณ อ.เมืองอุดรธานี จ.อุดรธานี 41000', '098-638406', 0, 0),
(750, '64301060032', 'จิราภรณ์ พลเหลา', '-196 หมู่ที่ 3 ถนน - ต.หนองขอนกว้าง อ.เมืองอุดรธานี จ.อุดรธานี 41000', '0898403417', 11, 2),
(751, '64301060033', 'ศิริญญา ฟ้าฝน', '2392 หมู่ที่ - ถนน - ต.สุวรรณคูหา อ.สุวรรณคูหา จ.หนองบัวลำภู 39270', '065-1183701', 11, 2),
(752, '64301060034', 'จุลพรรณ ทาอั้ว', '51 หมู่ที่ 1 ถนน - ต.บ้านโคก อ.สุวรรณคูหา จ.หนองบัวลำภู 39270', 'null', 11, 1),
(753, '64301060035', 'ภานุพงศ์ ศรีบุรินทร์', '422 หมู่ที่ 5 ต.บุญทัน อ.สุวรรณคูหา จ.หนองบัวลำภู 39270', '088-5174842', 11, 2),
(754, '64301060036', 'ณัฐพล บริวรรณ', '330 หมู่ที่ 5 ต.บุญทัน อ.สุวรรณคูหา จ.หนองบัวลำภู 39270', '093-4128935', 11, 2),
(755, '64301060037', 'บารมี ดีสะเกตุ', '59/1 หมู่ที่ 8 ต.หมากแข้ง อ.เมืองอุดรธานี จ.อุดรธานี 41000', '088-3168361', 0, 0),
(756, '64301060038', 'เอกณุพงศ์ แก้วกาน', '164 หมู่ที่ 10 ต.ทุ่งฝน อ.ทุ่งฝน จ.อุดรธานี 41310', '064-2085382', 0, 0),
(757, '64301060039', 'ธนบดินทร์ หลักทอง', '81 หมู่ที่ 14 ต.หนองเม็ก อ.หนองหาน จ.อุดรธานี 41130', '088-0280842', 0, 0),
(758, '64301060040', 'ศยามล จ่าบาล', '529/1 หมู่ที่ 1 ต.หนองนาคำ อ.เมืองอุดรธานี จ.อุดรธานี 41000', '063-3434605', 11, 1),
(759, '64301060041', 'วรวุฒิ อินทร์พามา', '4 หมู่ที่ 5 ต.สร้างแป้น อ.เพ็ญ จ.อุดรธานี 41150', '088-2659050', 0, 0),
(760, '64301060042', 'เจษฎาภรณ์ บุตรลี', '10 ต.เขือน้ำ อ.บ้านผือ จ.อุดรธานี 41160', 'null', 11, 1),
(761, '64301060043', 'หัสรินทร์ มาตรา', '17 ต.หนองนาคำ อ.เมืองอุดรธานี จ.อุดรธานี 41000', 'null', 11, 1),
(762, '64301060044', 'เกียรติศักดิ์ ชัยเฉลิม', '5 ต.หมูม่น อ.เมืองอุดรธานี จ.อุดรธานี 41000', 'null', 0, 0),
(763, '64301080001', 'ชุติมณฑน์ ธรรมสุข', '-28 หมู่ที่ 8 ถนน - ต.วังชมภู อ.พรเจริญ จ.บึงกาฬ 38180', '0917265985', 6, 1),
(764, '64301080002', 'อพิศมัย ปัดมะลิด', '-11 หมู่ที่ 5 ถนน - ต.พันดอน อ.กุมภวาปี จ.อุดรธานี 41110', '0937361880', 6, 1),
(765, '64301080003', 'ธนิษฐา ถนอมภักดี', '-336 หมู่ที่ 14 ถนน - ต.บ้านตาด อ.เมืองอุดรธานี จ.อุดรธานี 41000', '0610611370', 6, 1),
(766, '64301080004', 'คชา ชัยชาลี', '-371 หมู่ที่ 2 ถนน - ต.หมากแข้ง อ.เมืองอุดรธานี จ.อุดรธานี 41000', '0932053531', 6, 1),
(767, '64301080005', 'วัชระพล โคกโพธิ์', '-14 หมู่ที่ 4 ถนน - ต.เชียงเพ็ง อ.กุดจับ จ.อุดรธานี 41250', '0621578581', 0, 0),
(768, '64301080006', 'ภูธเนศ วังคำหาญ', '-45/3 หมู่ที่ - ถนน - ต.หมากแข้ง อ.เมืองอุดรธานี จ.อุดรธานี 41000', '0903412923', 6, 1),
(769, '64301080007', 'อิสระภาพ โอษฐวิจิตร', '128 หมู่ที่ 9 ถนน - ต.นางิ้ว อ.สังคม จ.หนองคาย 43160', '0843319345', 0, 0),
(770, '64301080008', 'พุฒิพงศ์ หาญวงษ์', '96 หมู่ที่ 8 ถนน - ต.นากว้าง อ.เมืองอุดรธานี จ.อุดรธานี 41000', '064-0185272', 6, 1),
(771, '64301080009', 'ปัทมวรรณ นาหนองตูม', '72 หมู่ที่ 19 ถนน - ต.พันดอน อ.กุมภวาปี จ.อุดรธานี 41110', '0990129408', 6, 1),
(772, '64301080010', 'พิมลวรรณ ทองวิเศษ', '48 หมู่ที่ 11 ถนน - ต.เสอเพลอ อ.กุมภวาปี จ.อุดรธานี 41110', '0952206630', 6, 1),
(773, '64301080011', 'ณพัฒน์ บุญมาตร', '4/1 หมู่ที่ 7 ถนน - ต.โนนสูง อ.เมืองอุดรธานี จ.อุดรธานี 41000', '0836695350', 6, 1),
(774, '64301080012', 'ทรรศิกา ประทุมมา', '68 หมู่ที่ 8 ถนน - ต.ทุ่งหลวง อ.โพนพิสัย จ.หนองคาย 43120', '0860027828', 0, 0),
(775, '64301080013', 'ธนธรณ์ สุริยะสิงห์', '18 หมู่ที่ 9 ถนน - ต.โพธิ์ชัย อ.เมืองหนองบัวลำภู จ.หนองบัวลำภู 39000', '0872235924', 6, 1),
(776, '64301080014', 'นัฏณรงค์ สายจันยูร', '293/11 หมู่ที่ 6 ถนน - ต.หมากแข้ง อ.เมืองอุดรธานี จ.อุดรธานี 41000', '084-6856611', 6, 1),
(777, '64301080015', 'รินธิชา จันทรเสนา', '-166 หมู่ที่ 5 ถนน - ต.บ้านตาด อ.เมืองอุดรธานี จ.อุดรธานี 41000', '0656945013', 0, 0),
(778, '64301080016', 'บัณฑิตา ผิวบาง', '-225 หมู่ที่ 4 ถนน - ต.บ้านต้าย อ.สว่างแดนดิน จ.สกลนคร 47110', '0985813135', 6, 2),
(779, '64301080017', 'วุฒิชัย บุญสาร', '-19 หมู่ที่ 5 ถนน - ต.โนนหวาย อ.หนองวัวซอ จ.อุดรธานี 41220', '0802932337', 6, 2),
(780, '64301080018', 'ณิญาภรณ์ เกลี้ยงกลิ่น', '-427 หมู่ที่ 11 ถนน - ต.สว่างแดนดิน อ.สว่างแดนดิน จ.สกลนคร 47110', '0611186414', 0, 0),
(781, '64301080019', 'นันทิพร สักขาพรม', '-51 หมู่ที่ 2 ถนน - ต.พันนา อ.สว่างแดนดิน จ.สกลนคร 47110', '0894559569', 6, 2),
(782, '64301080020', 'บุญเที่ยง โพธิ์สีดา', '-5/6 หมู่ที่ - ถนน - ต.หมากแข้ง อ.เมืองอุดรธานี จ.อุดรธานี 41000', '0834549990', 6, 2),
(783, '64301080021', 'พฤทธิ์ไทย ราตรี', '-317 หมู่ที่ 2 ถนน - ต.ท่าลี่ อ.กุมภวาปี จ.อุดรธานี 41110', '0660962091', 0, 0),
(784, '64301080022', 'อณัฐพงษ์ เทียมสิงห์', '-109 หมู่ที่ -10 ถนน - ต.หนองยอง อ.ปากคาด จ.บึงกาฬ 38190', '0834160495', 6, 2),
(785, '64301080023', 'ธวัชชัย หัสนาม', '-220 หมู่ที่ -4 ถนน - ต.โนนเมือง อ.นากลาง จ.หนองบัวลำภู 39170', '0925875301', 0, 0),
(786, '64301080024', 'รณพร วงศ์พิมสอน', '24 หมู่ที่ 7 ถนน - ต.บะยาว อ.วังสามหมอ จ.อุดรธานี 41280', '0986686012', 0, 0),
(787, '64301080025', 'อัจฉรา ศรีพิษแก้ว', '91 หมู่ที่ 4 ถนน - ต.เวียงคำ อ.กุมภวาปี จ.อุดรธานี 41110', '0883718304', 6, 2),
(788, '64301080026', 'วัชรพงษ์ เสาประธาน', '79 หมู่ที่ 5 ถนน - ต.โสกก่าม อ.เซกา จ.บึงกาฬ 38150', '0847561647', 0, 0),
(789, '64301080027', 'ศารทวิษุวัต มารศรี', '45 หมู่ที่ 4 ถนน - ต.เทพคีรี อ.นาวัง จ.หนองบัวลำภู 39170', '0872207069', 6, 2),
(790, '64301080028', 'ปัยมินทร์ บุญเลิศ', '-107/4 หมู่ที่ - ถนน นิตโย ต.หมากแข้ง อ.เมืองอุดรธานี จ.อุดรธานี 41000', '084-9532601', 6, 2),
(791, '64301080029', 'อรทัย อุ่นแสง', '127 หมู่ที่ 4 ถนน - ต.นาข่า อ.เมืองอุดรธานี จ.อุดรธานี 41000', '0943786346', 6, 2),
(792, '64301080030', 'วรายุส ศรีบุญเรือง', '61 หมู่ที่ 4 ถนน - ต.นาดี อ.หนองแสง จ.อุดรธานี 41340', '0630364648', 6, 2),
(793, '64301080031', 'ธีระ พิมพ์ดี', '226 หมู่ที่ 6 ถนน - ต.สามัคคี อ.น้ำโสม จ.อุดรธานี 41210', '0860535373', 6, 2),
(794, '64301080032', 'สุทธิดา ศรีหัวโทน', '97/1 หมู่ที่ 1 ถนน - ต.นาม่วง อ.ประจักษ์ศิลปาคม จ.อุดรธานี 41110', '0981113050', 0, 0),
(795, '64301080033', 'ฐาปนี ภิรมย์ราช', '118 หมู่ที่ 14 ถนน - ต.โนนสัง อ.โนนสัง จ.หนองบัวลำภู 39140', '089-6195040', 0, 0),
(796, '64301080034', 'วิทวัส บุญพา', '-67 หมู่ที่ -7 ถนน - ต.ผาสุก อ.กุมภวาปี จ.อุดรธานี 41110', '0842577418', 0, 0),
(797, '64301080035', 'วีระยุทธ งานลุน', '-68 หมู่ที่ 10 ถนน - ต.สุมเส้า อ.เพ็ญ จ.อุดรธานี 41150', '0863191023', 0, 0),
(798, '64301080036', 'ภูวดล ว่องไว', '-179 หมู่ที่ -5 ถนน - ต.สร้างก่อ อ.กุดจับ จ.อุดรธานี 41250', '0913610521', 0, 0),
(799, '64301080037', 'จิรายุทธ บ่อคำเกิด', '-26/1 หมู่ที่ 2 ถนน - ต.สามพร้าว อ.เมืองอุดรธานี จ.อุดรธานี 41000', '0880404249', 0, 0),
(800, '64301080038', 'สิริวัฒ เจริญ', '-10 หมู่ที่ 2 ถนน - ต.เพ็ญ อ.เพ็ญ จ.อุดรธานี 41150', '0624044690', 0, 0),
(801, '64301080039', 'กัมพล บุญศรีงาม', '-92/3 หมู่ที่ 17 ถนน - ต.หนองนาคำ อ.เมืองอุดรธานี จ.อุดรธานี 41000', '0872289134', 0, 0),
(802, '64301080040', 'ภาณุพงศ์ ศรีชัย', '113 หมู่ที่ 1 ต.นิคมสงเคราะห์ อ.เมืองอุดรธานี จ.อุดรธานี 41000', '0900508788', 0, 0),
(803, '64301080041', 'ศุพิธานต์ นาทา', '101 หมู่ที่ 7 ต.ข้าวสาร อ.บ้านผือ จ.อุดรธานี 41160', '0831446194', 0, 0),
(804, '64301080043', 'รัตชารินทร์ บุญทอง', '469/1 หมู่ที่ 9 ต.หมากแข้ง อ.เมืองอุดรธานี จ.อุดรธานี 41000', '0611505603', 0, 0),
(805, '64301110001', 'สุภกรณ์ จันแดง', '13 หมู่ที่ 14 ถนน - ต.จุมพล อ.โพนพิสัย จ.หนองคาย 43120', '0810515698', 4, 1),
(806, '64301110002', 'จักรกฤษ พฤกษาสิทธิ์', '159 หมู่ที่ 1 ถนน - ต.นาคำ อ.บ้านดุง จ.อุดรธานี 41190', '0981245323', 4, 1),
(807, '64301110003', 'กวีชัย โลหิตเสน', '2 หมู่ที่ 4 ถนน - ต.โนนทอง อ.นายูง จ.อุดรธานี 41380', '093-4244364', 4, 1),
(808, '64301110004', 'ธวัชชัย ศรีสวัสดิ์', '273 หมู่ที่ 4 ถนน - ต.โนนทอง อ.นายูง จ.อุดรธานี 41380', '091-1575896', 4, 1),
(809, '64301110005', 'สราวุฒิ คงเถียน', '129/57 หมู่ที่ - ถนน บ้านเหล่า ต.หมากแข้ง อ.เมืองอุดรธานี จ.อุดรธานี 41000', '0812715495', 4, 1),
(810, '64301110006', 'เชาว์วัฒน์ วาสุพิน', '170 หมู่ที่ 6 ถนน - ต.โสมเยี่ยม อ.น้ำโสม จ.อุดรธานี 41210', '0861451327', 4, 1),
(811, '64301110007', 'นัฐพล แขมคำ', '142 หมู่ที่ 11 ถนน - ต.หนองแวง อ.น้ำโสม จ.อุดรธานี 41210', '061-3206107', 4, 1),
(812, '64301110008', 'ศักดิธัช พิมพ์เภา', '75 หมู่ที่ 9 ถนน - ต.นางัว อ.น้ำโสม จ.อุดรธานี 41210', '0801515237', 4, 1),
(813, '64301110009', 'ณัฐวุฒิ สมใจ', '279 หมู่ที่ 9 ถนน - ต.นางัว อ.น้ำโสม จ.อุดรธานี 41210', '093-5688901', 4, 1),
(814, '64301110010', 'ศุภกิจ คงขจร', '24/1 หมู่ที่ 8 ถนน - ต.หนองไฮ อ.เมืองอุดรธานี จ.อุดรธานี 41000', '0621131743', 4, 1),
(815, '64301110011', 'จิระศักดิ์ ลีกุล', '192/2 หมู่ที่ 8 ถนน - ต.หนองไฮ อ.เมืองอุดรธานี จ.อุดรธานี 41000', 'null', 0, 0),
(816, '64301110012', 'รัชพล พลโยธา', '81 หมู่ที่ 7 ถนน - ต.นาสี อ.สุวรรณคูหา จ.หนองบัวลำภู 39270', '0862345438', 4, 1),
(817, '64301110013', 'ณัฐพล มาสนา', '172 หมู่ที่ 5 ถนน - ต.สร้างก่อ อ.กุดจับ จ.อุดรธานี 41250', '0873738595', 4, 1),
(818, '64301110014', 'ปริญญา โภคาพานิชย์', '61 หมู่ที่ 5 ถนน - ต.คำโคกสูง อ.วังสามหมอ จ.อุดรธานี 41280', '0935104505', 4, 1),
(819, '64301110015', 'อาทิตย์ ขันธวิชัย', '60 หมู่ที่ 8 ถนน - ต.ไชยวาน อ.ไชยวาน จ.อุดรธานี 41290', '0982202486', 4, 1),
(820, '64301110016', 'ธนดล ลือชาคำ', '181 หมู่ที่ 8 ถนน - ต.ดอนหายโศก อ.หนองหาน จ.อุดรธานี 41130', '0645799781', 4, 2),
(821, '64301110017', 'อัครวินท์ ปุรา', '262 หมู่ที่ 6 ถนน - ต.ด่านช้าง อ.นากลาง จ.หนองบัวลำภู 39170', '0801554340', 4, 2),
(822, '64301110018', 'พรพิพัฒน์ เหลาหอม', '134 หมู่ที่ 7 ถนน - ต.เตาไห อ.เพ็ญ จ.อุดรธานี 41150', '0652938751', 4, 2),
(823, '64301110019', 'พงษ์ศักดิ์ สุวรรณบุตร', '153 หมู่ที่ 3 ถนน - ต.เตาไห อ.เพ็ญ จ.อุดรธานี 41150', '0876383288', 4, 2),
(824, '64301110020', 'อภิสิทธิ์ เคยชิน', '5 หมู่ที่ 8 ถนน - ต.อ้อมกอ อ.บ้านดุง จ.อุดรธานี 41190', '0849541479', 4, 2);
INSERT INTO `student` (`no_id`, `std_id`, `fullname`, `address`, `tel`, `dep_id`, `grp`) VALUES
(825, '64301110021', 'ญาณพัฒน์ พระสว่าง', '-260 หมู่ที่ 5 ถนน - ต.หนองเรือ อ.โนนสัง จ.หนองบัวลำภู 39140', '0610974404', 4, 2),
(826, '64301110022', 'ชลชาติ ยมลาสิงห์', '67 หมู่ที่ 8 ถนน โนนสัง ต.นิคมพัฒนา อ.โนนสัง จ.หนองบัวลำภู 39140', '0954022317', 4, 2),
(827, '64301110023', 'ธีรภัทร์ บุญคำ', '137 หมู่ที่ 3 ถนน - ต.ชุมช้าง อ.โพนพิสัย จ.หนองคาย 43120', '0828645776', 0, 0),
(828, '64301110024', 'ศศิธร ภูทองกอ', '213 หมู่ที่ 3 ถนน - ต.ดอนกลอย อ.พิบูลย์รักษ์ จ.อุดรธานี 41130', '0636218573', 0, 0),
(829, '64301110025', 'บุญญฤทธิ์ วิลา', '42 หมู่ที่ 6 ถนน - ต.พันดอน อ.กุมภวาปี จ.อุดรธานี 41110', '0981944212', 4, 2),
(830, '64301110026', 'จิราวุฒิ ปัดถาวะโร', '300 หมู่ที่ 3 ถนน - ต.แชแล อ.กุมภวาปี จ.อุดรธานี 41110', '0636418628', 4, 2),
(831, '64301110027', 'ธนชัย วงศ์กันยา', '231 หมู่ที่ 10 ถนน - ต.กุมภวาปี อ.กุมภวาปี จ.อุดรธานี 41110', '0985722328', 4, 2),
(832, '64301110028', 'ทัศนัย นวลไชยดี', '22 หมู่ที่ 6 ถนน - ต.แชแล อ.กุมภวาปี จ.อุดรธานี 41110', '0982195290', 4, 2),
(833, '64301110029', 'สันติพล มาตรวังแสง', '113 หมู่ที่ 4 ถนน - ต.นายูง อ.นายูง จ.อุดรธานี 41380', 'null', 4, 2),
(834, '64301110030', 'อรรถชัย ทรงกลิ่น', '35 หมู่ที่ 11 ถนน - ต.หนองอ้อ อ.หนองวัวซอ จ.อุดรธานี 41220', '0870435317', 4, 2),
(835, '64301110031', 'จารุกฤต ทาระแพน', '3 หมู่ที่ 2 ถนน - ต.ตูมใต้ อ.กุมภวาปี จ.อุดรธานี 41110', '0877748477', 0, 0),
(836, '64301110032', 'ปรมินทร์ อุดชาชน', '98 หมู่ที่ 11 ถนน - ต.เชียงแหว อ.กุมภวาปี จ.อุดรธานี 41110', '0870397255', 4, 2),
(837, '64301110033', 'กฤษณพงศ์ แซ่ลี้', '83 หมู่ที่ 9 ถนน - ต.หนองอ้อ อ.หนองวัวซอ จ.อุดรธานี 41220', '0807266517', 4, 2),
(838, '64301110034', 'ปฏิพล ภูทอง', '58 หมู่ที่ 1 ถนน - ต.โนนหวาย อ.หนองวัวซอ จ.อุดรธานี 41220', '0868604539', 4, 2),
(839, '64301110035', 'จิระศักดิ์ พระกระนวน', '9 หมู่ที่ 5 ถนน - ต.คำโคกสูง อ.วังสามหมอ จ.อุดรธานี 41280', '0649980785', 4, 2),
(840, '64301110036', 'ธีระศักดิ์ สิมพา', '30 หมู่ที่ 10 ถนน - ต.จำปี อ.ศรีธาตุ จ.อุดรธานี 41230', '0970273291', 4, 2),
(841, '64301110037', 'กัปตัน สบายวงษ์', '108 หมู่ที่ 9 ถนน - ต.หนองบัวสะอาด อ.บัวใหญ่ จ.นครราชสีมา 30120', '0810505829', 4, 2),
(842, '64301110038', 'กิตติสัณห์ ทองใบ', '62 หมู่ที่ 8 ถนน - ต.ไชยวาน อ.ไชยวาน จ.อุดรธานี 41290', '0971165734', 4, 2),
(843, '64301110039', 'วศิน ทศล้าง', '32 หมู่ที่ 2 ถนน - ต.คำโคกสูง อ.วังสามหมอ จ.อุดรธานี 41280', '0906071070', 4, 2),
(844, '64301110040', 'อภิชิต พิมสอน', '48 หมู่ที่ 6 ถนน - ต.หนองหลัก อ.ไชยวาน จ.อุดรธานี 41290', '0625403533', 4, 1),
(845, '64301110041', 'ธณัตน์ สวารักษ์', '56 หมู่ที่ 7 ถนน - ต.ชุมช้าง อ.โพนพิสัย จ.หนองคาย 43120', '0931124797', 4, 2),
(846, '64301110042', 'รัชพล เหมะธุลิน', '35 หมู่ที่ 3 ถนน - ต.บ้านต้อง อ.เซกา จ.บึงกาฬ 38150', '065-8022482', 4, 2),
(847, '64301110043', 'พงศ์ดนัย ชาธัมมา', '159 หมู่ที่ 8 ถนน - ต.หมากหญ้า อ.หนองวัวซอ จ.อุดรธานี 41220', '0857457229', 0, 0),
(848, '64301110044', 'ณัฐภัทร สายพิณ', '32 หมู่ที่ 4 ถนน - ต.โนนหวาย อ.หนองวัวซอ จ.อุดรธานี 41220', '0806255620', 0, 0),
(849, '64301110045', 'ชลสิทธิ์ ผันผ่อน', '48 หมู่ที่ 2 ถนน - ต.พังงู อ.หนองหาน จ.อุดรธานี 41130', '0872376743', 4, 2),
(850, '64301110046', 'ภักดี นนทะวิชัย', '3 หมู่ที่ 2 ถนน - ต.พังงู อ.หนองหาน จ.อุดรธานี 41130', '0636436455', 4, 2),
(851, '64301110047', 'พีระพัฒน์ กองวงษา', '7 หมู่ที่ 9 ถนน - ต.หนองสรวง อ.หนองกุงศรี จ.กาฬสินธุ์ 46220', '0611483882', 4, 2),
(852, '64301110048', 'เอกพงษ์ โพธิ์งาม', '17 หมู่ที่ 8 ถนน - ต.หนองหลวง อ.เฝ้าไร่ จ.หนองคาย 43120', '0857460336', 4, 2),
(853, '64301110049', 'สรวิชญ์ งามเจริญ', '55 หมู่ที่ 10 ถนน - ต.สร้างคอม อ.สร้างคอม จ.อุดรธานี 41260', '0951899482', 0, 0),
(854, '64301110050', 'เจษฎาภรณ์ อินสนิท', '87 หมู่ที่ 2 ต.คำโคกสูง อ.วังสามหมอ จ.อุดรธานี 41280', '0842978165', 4, 2),
(855, '64301110051', 'จารุณี ตาลอินทร์', '179 หมู่ที่ 7 ต.จอมศรี อ.เพ็ญ จ.อุดรธานี 41150', '0985398605', 0, 0),
(856, '64301110052', 'เฟื่องฟ้า คล้ายสุบรรณ', '2 หมู่ที่ 6 ต.บ้านม่วง อ.สังคม จ.หนองคาย 43160', '0833544108', 0, 0),
(857, '64301110053', 'อารีวรรณ บุนนท์', '22 หมู่ที่ 3 ต.หมูม่น อ.เมืองอุดรธานี จ.อุดรธานี 41000', '0972044936', 4, 1),
(858, '64301110054', 'กิติยาภรณ์ โสดา', '37 หมู่ที่ 6 ต.นาสี อ.สุวรรณคูหา จ.หนองบัวลำภู 39270', '0810537167', 0, 0),
(859, '64301110055', 'เฟื่องฟ้า คล้ายสุบรรณ', '6 ต.บ้านม่วง อ.สังคม จ.หนองคาย 43160', 'null', 4, 1),
(860, '64301110056', 'กิติยาภรณ์ โสดา', '6 ต.นาสี อ.สุวรรณคูหา จ.หนองบัวลำภู 39270', 'null', 0, 0),
(861, '64301210001', 'พลวัต ม่านสนิท', '112 หมู่ที่ 15 ถนน - ต.เชียงหวาง อ.เพ็ญ จ.อุดรธานี 41150', '0809893323', 12, 1),
(862, '64301210002', 'สุดารัตน์ ศรีสมุทร์', '42/1 หมู่ที่ 9 ถนน - ต.หนองบัว อ.เมืองหนองบัวลำภู จ.หนองบัวลำภู 39000', '0652388263', 12, 1),
(863, '64301210003', 'ชยธร ศรีวะกุล', '59/16 หมู่ที่ 5 ถนน - ต.หนองบัว อ.เมืองอุดรธานี จ.อุดรธานี 41000', '061-2703529', 12, 1),
(864, '64301210004', 'อมรเทพ ยอดนิล', '205 หมู่ที่ 1 ถนน - ต.หนองแวง อ.บ้านผือ จ.อุดรธานี 41160', '0630386713', 12, 1),
(865, '64301210005', 'ธนพล สาชิน', '329 หมู่ที่ 1 ถนน - ต.นาบัว อ.เพ็ญ จ.อุดรธานี 41150', '0819545879', 12, 1),
(866, '64301210006', 'กันต์กมล พันธ์กุมภา', '74 หมู่ที่ 7 ถนน - ต.บงเหนือ อ.สว่างแดนดิน จ.สกลนคร 47110', '0610455539', 12, 1),
(867, '64301210007', 'ธัชวุฒิ สุสนธ์', '316 หมู่ที่ 6 ถนน สุทธิสาร ต.ศรีสุทโธ อ.บ้านดุง จ.อุดรธานี 41190', '0833332497', 0, 0),
(868, '64301210008', 'พรประภา นามวงษ์', '272 หมู่ที่ 8 ถนน - ต.ผาอินทร์แปลง อ.เอราวัณ จ.เลย 42220', '0936415796', 12, 1),
(869, '64301210009', 'ณัฐนนท์ พุทธคุณ', '57 หมู่ที่ 15 ถนน - ต.โพนงาม อ.หนองหาน จ.อุดรธานี 41130', '0882004642', 0, 0),
(870, '64301210010', 'อภิลักษณ์ เพ็ญศรี', '4 หมู่ที่ 10 ถนน - ต.เชียงเพ็ง อ.กุดจับ จ.อุดรธานี 41250', '0927875527', 12, 1),
(871, '64301210011', 'อาชวะ พลวาปี', '166 หมู่ที่ 7 ถนน - ต.ดงหม้อทองใต้ อ.บ้านม่วง จ.สกลนคร 47140', '093-6503905', 12, 1),
(872, '64301210012', 'อภิญญา พลสิมมา', '191 หมู่ที่ 1 ถนน - ต.หนองเม็ก อ.หนองหาน จ.อุดรธานี 41130', '084-516552', 12, 1),
(873, '64301210013', 'อิทธิวัฒน์ แซ่จ๋าว', '57 หมู่ที่ 7 ถนน - ต.หมูม่น อ.เมืองอุดรธานี จ.อุดรธานี 41000', '065-2858309', 12, 1),
(874, '64301210014', 'อวัศดา ทองกันยา', '46 หมู่ที่ 9 ถนน - ต.หนองหัวคู อ.บ้านผือ จ.อุดรธานี 41160', '062-3911647', 12, 1),
(875, '64301210015', 'ธเนศ จันทร์คำ', '379/7 หมู่ที่ 7 ถนน - ต.หมูม่น อ.เมืองอุดรธานี จ.อุดรธานี 41000', '061-9492115', 12, 1),
(876, '64301210016', 'อรรถพล โพธิ์ทา', '181/1 หมู่ที่ 7 ถนน - ต.หมูม่น อ.เมืองอุดรธานี จ.อุดรธานี 41000', '062-6016122', 12, 1),
(877, '64301210017', 'สุพัฒตรา เชี่ยวชาญ', '94 หมู่ที่ 6 ถนน - ต.นาข่า อ.เมืองอุดรธานี จ.อุดรธานี 41000', '063-1296132', 12, 1),
(878, '64301210018', 'สุรเทพ กุลชัย', '83/1 หมู่ที่ 1 ถนน - ต.โนนหวาย อ.หนองวัวซอ จ.อุดรธานี 41220', '087-2204234', 12, 1),
(879, '64301210019', 'วีระวัฒน์ ไทยใจดี', '124 หมู่ที่ 20 ถนน - ต.พันดอน อ.กุมภวาปี จ.อุดรธานี 41110', '095-6627861', 12, 1),
(880, '64301210020', 'ธนกร สมบัติกำไร', '253/1 หมู่ที่ 12 ถนน - ต.ศรีสุทโธ อ.บ้านดุง จ.อุดรธานี 41190', '0872166876', 12, 1),
(881, '64301210022', 'ชาญชิต ไชยเบ้า', '25/1 หมู่ที่ 12 ถนน - ต.โนนสูง อ.เมืองอุดรธานี จ.อุดรธานี 41000', '089-6187973', 12, 1),
(882, '64301210023', 'พรทิพย์ ขันดา', '129 หมู่ที่ 7 ถนน - ต.นาข่า อ.เมืองอุดรธานี จ.อุดรธานี 41000', '085-7452783', 12, 1),
(883, '64301210024', 'กรกช จิวิสาย', '180 หมู่ที่ 3 ถนน - ต.สร้างแป้น อ.เพ็ญ จ.อุดรธานี 41150', '096-7078328', 12, 1),
(884, '64301210048', 'สุนิตา พลเรือง', '93 หมู่ที่ 5 ถนน - ต.หนองอ้อ อ.หนองวัวซอ จ.อุดรธานี 41220', '098-6856712', 12, 3),
(885, '64301210049', 'รัตนาภรณ์ พุกมาก', '85 หมู่ที่ 15 ถนน - ต.ปะโค อ.กุมภวาปี จ.อุดรธานี 41110', '062-5958457', 12, 3),
(886, '64301210050', 'ปิยธิดา พูลเพิ่ม', '50 หมู่ที่ 9 ถนน - ต.เมืองเพีย อ.กุดจับ จ.อุดรธานี 41250', '093-0143580', 12, 3),
(887, '64301210052', 'ศิริรักษ์ รักษาพิมพ์', '55 หมู่ที่ 15 ถนน - ต.พังงู อ.หนองหาน จ.อุดรธานี 41130', '062-1753250', 12, 3),
(888, '64301210053', 'ธนทัต บุตรแสง', '22 หมู่ที่ 9 ถนน - ต.กุดหมากไฟ อ.หนองวัวซอ จ.อุดรธานี 41220', '086-8420743', 12, 3),
(889, '64301210055', 'เจษฎาภรณ์ โพธิ์ศรี', '43 หมู่ที่ 9 ถนน - ต.ดอนหายโศก อ.หนองหาน จ.อุดรธานี 41130', '064-1872583', 12, 3),
(890, '64301210056', 'ธนกร วงษาไชย', '172 หมู่ที่ 11 ถนน - ต.หนองอ้อ อ.หนองวัวซอ จ.อุดรธานี 41220', '088-5092729', 12, 3),
(891, '64301210057', 'ธีรภัทร์ ยาวะระ', '48 หมู่ที่ 7 ถนน - ต.อูบมุง อ.หนองวัวซอ จ.อุดรธานี 41220', '084-288735', 12, 3),
(892, '64301210058', 'อดิศร เค้านวน', '30 หมู่ที่ 3 ถนน - ต.โนนหวาย อ.หนองวัวซอ จ.อุดรธานี 41220', '083-4190805', 12, 3),
(893, '64301210059', 'ธนวิทย์ วรรณดี', '116 หมู่ที่ 3 ถนน - ต.โคกกลาง อ.เพ็ญ จ.อุดรธานี 41150', '089-8438010', 12, 3),
(894, '64301210060', 'ณภัทร ลัพเสถียร', '46 หมู่ที่ 10 ถนน - ต.โนนหวาย อ.หนองวัวซอ จ.อุดรธานี 41220', '082-1013628', 12, 3),
(895, '64301210061', 'จิรายุ เอกราช', '42 หมู่ที่ 3 ถนน - ต.โนนหวาย อ.หนองวัวซอ จ.อุดรธานี 41220', '080-4137962', 12, 3),
(896, '64301210062', 'ฐานิดา คำคูณ', '-100 หมู่ที่ 2 ถนน - ต.โนนหวาย อ.หนองวัวซอ จ.อุดรธานี 41220', '064-6765285', 12, 3),
(897, '64301210063', 'กฤษฎา บุตรละคร', '169 หมู่ที่ 12 ถนน - ต.ฝั่งแดง อ.นากลาง จ.หนองบัวลำภู 39170', '0844361600', 12, 3),
(898, '64301210064', 'สุภาพร สามารถ', '-138 หมู่ที่ 2 ถนน - ต.เซิม อ.โพนพิสัย จ.หนองคาย 43120', '0929142503', 12, 3),
(899, '64301210065', 'สุรีย์ นามสุขี', '12 หมู่ที่ 3 ถนน - ต.เซิม อ.โพนพิสัย จ.หนองคาย 43120', '0934158541', 12, 3),
(900, '64301210067', 'นิรุจน์ เวียงสีมา', '88 หมู่ที่ 10 ถนน - ต.โพนสูง อ.บ้านดุง จ.อุดรธานี 41190', '0971286766', 12, 3),
(901, '64301210133', 'วัชรกร ประหา', '16 หมู่ที่ 13 ต.โซ่ อ.โซ่พิสัย จ.บึงกาฬ 38170', '094-8155760', 0, 0),
(902, '64301210138', 'ณัฐนนท์ พุทธคุณ', '15 ต.โพนงาม อ.หนองหาน จ.อุดรธานี 41130', 'null', 0, 0),
(903, '64301210025', 'กุสุมา พรมศาลา', '-78 หมู่ที่ 3 ถนน - ต.เชียงพิณ อ.เมืองอุดรธานี จ.อุดรธานี 41000', '061-6532434', 12, 2),
(904, '64301210027', 'พีรพล สุทธิสุวรรณ', '170 หมู่ที่ 13 ถนน - ต.บ้านธาตุ อ.เพ็ญ จ.อุดรธานี 41150', '081-2612124', 12, 2),
(905, '64301210028', 'ทักษิณ หนูกลาง', '245 หมู่ที่ 1 ถนน - ต.บ้านธาตุ อ.เพ็ญ จ.อุดรธานี 41150', '085-1751983', 12, 2),
(906, '64301210029', 'ชนาธิป เรืองทิพย์', '162/6 หมู่ที่ 3 ถนน - ต.หนองบัว อ.เมืองอุดรธานี จ.อุดรธานี 41000', '097-2305933', 12, 2),
(907, '64301210030', 'อรรถชัย ไชยยศ', '27 หมู่ที่ 3 ถนน - ต.บ่อแก้ว อ.บ้านม่วง จ.สกลนคร 47140', '089-9522938', 12, 2),
(908, '64301210031', 'สุทธิภัทร กุสุมาลย์', '81/1 หมู่ที่ 3 ถนน - ต.เมืองใหม่ อ.ศรีบุญเรือง จ.หนองบัวลำภู 39180', '095-8086330', 12, 2),
(909, '64301210032', 'พัทธวรรณ สุตพรหม', '256 หมู่ที่ 12 ถนน - ต.ทุ่งฝน อ.ทุ่งฝน จ.อุดรธานี 41310', 'null', 0, 0),
(910, '64301210033', 'จีระวัฒน์ ทาบุราณ', '98 หมู่ที่ 8 ถนน - ต.หมากแข้ง อ.เมืองอุดรธานี จ.อุดรธานี 41000', '0801998024', 12, 2),
(911, '64301210034', 'พีระศักดิ์ ทาบุราณ', '98 หมู่ที่ 8 ถนน - ต.หมากแข้ง อ.เมืองอุดรธานี จ.อุดรธานี 41000', '0801998024', 12, 2),
(912, '64301210035', 'จิรกิตติ์ ทรงศิลป์', '283 หมู่ที่ 3 ถนน - ต.หนองนาคำ อ.เมืองอุดรธานี จ.อุดรธานี 41000', '0937465941', 12, 2),
(913, '64301210036', 'วีระยุทธ จันทรเสนา', '29 หมู่ที่ 8 ถนน บ้านหนองใหญ่ ต.บ้านเลื่อม อ.เมืองอุดรธานี จ.อุดรธานี 41000', '0868548008', 0, 0),
(914, '64301210037', 'ทนงศักดิ์ หลักคำ', '25 หมู่ที่ 2 ถนน - ต.หนองนกเขียน อ.ศรีธาตุ จ.อุดรธานี 41230', '0929294053', 12, 2),
(915, '64301210038', 'อริญชย์ มัฆนาโส', '440 หมู่ที่ 6 ถนน - ต.หนองหาน อ.หนองหาน จ.อุดรธานี 41130', '0885730354', 12, 2),
(916, '64301210039', 'ยุทธพงษ์ พิลาชัย', '248 หมู่ที่ 6 ถนน - ต.หมูม่น อ.เมืองอุดรธานี จ.อุดรธานี 41000', 'null', 12, 2),
(917, '64301210040', 'ชลกร เพ็งวงศ์', '114/5 หมู่ที่ 5 ถนน - ต.หมากแข้ง อ.เมืองอุดรธานี จ.อุดรธานี 41000', 'null', 12, 2),
(918, '64301210041', 'พีรนัฐ สุภดี', '86/1 หมู่ที่ 10 ถนน - ต.เชียงเพ็ง อ.กุดจับ จ.อุดรธานี 41250', 'null', 12, 2),
(919, '64301210042', 'จักรพัชระ ศรีโบราณ', '210 หมู่ที่ 3 ถนน - ต.แชแล อ.กุมภวาปี จ.อุดรธานี 41110', '0811-446573', 0, 0),
(920, '64301210043', 'จักรพรรณ สวัสศรี', '160 หมู่ที่ 5 ถนน - ต.ดอนหายโศก อ.หนองหาน จ.อุดรธานี 41130', '0880594085', 0, 0),
(921, '64301210044', 'จุฑามาศ ปัตถานัง', '9 หมู่ที่ 4 ถนน - ต.กุดบง อ.โพนพิสัย จ.หนองคาย 43120', '0935263534', 12, 2),
(922, '64301210045', 'เพชรประเสริฐ น้อมภักดีกุล', '140 หมู่ที่ 19 ถนน - ต.หนองเม็ก อ.หนองหาน จ.อุดรธานี 41130', '0899890061', 12, 2),
(923, '64301210046', 'ปัญญาวัฒน์ บุราณ', '17 หมู่ที่ 4 ถนน - ต.บ้านม่วง อ.บ้านดุง จ.อุดรธานี 41190', '098-5928647', 12, 2),
(924, '64301210047', 'ปิยะราช ดิษารมย์', '495 หมู่ที่ 2 ถนน - ต.บ้านจั่น อ.เมืองอุดรธานี จ.อุดรธานี 41000', '0822574831', 0, 0),
(925, '64301210054', 'ณัฐพันธ์ เปือยยะ', '84 หมู่ที่ 8 ถนน - ต.ทุ่งแก อ.เจริญศิลป์ จ.สกลนคร 47290', '092-4123987', 12, 4),
(926, '64301210066', 'ณัฎฐธิดา วอแพง', '9809 หมู่ที่ 10 ถนน - ต.ขอนยูง อ.กุดจับ จ.อุดรธานี 41250', '0890298826', 12, 4),
(927, '64301210068', 'ชลธิชา รักษานนท์', '196 หมู่ที่ 2 ถนน - ต.ปะโค อ.กุดจับ จ.อุดรธานี 41250', '093-3962834', 12, 4),
(928, '64301210070', 'จิราภรณ์ อุบลเกิด', '126 หมู่ที่ 4 ถนน - ต.หนองยอง อ.ปากคาด จ.บึงกาฬ 38190', '0611345971', 12, 4),
(929, '64301210071', 'ปริวัฒน์ กุหลาบหอม', '119 หมู่ที่ 1 ถนน -    ', '0987051499', 0, 0),
(930, '64301210072', 'อดิศักดิ์ เกษมสุข', '71 หมู่ที่ 10 ถนน - ต.โคกกลาง อ.เพ็ญ จ.อุดรธานี 41150', '0844613642', 12, 4),
(931, '64301210073', 'เทิดพงศ์ มณีรัตน์', '201 หมู่ที่ 6 ถนน - ต.กองนาง อ.ท่าบ่อ จ.หนองคาย 43110', '0945744252', 12, 4),
(932, '64301210074', 'วรรณภา ขุนทา', '197 หมู่ที่ 8 ถนน - ต.หัวนาคำ อ.ศรีธาตุ จ.อุดรธานี 41230', '0800182571', 0, 0),
(933, '64301210075', 'ธเนศวร วารี', '405 หมู่ที่ 9 ถนน - ต.นางิ้ว อ.สังคม จ.หนองคาย 43160', '061-5281807', 0, 0),
(934, '64301210076', 'สันติภาพ บุญจันทร์', '80 หมู่ที่ 2 ถนน - ต.อูบมุง อ.หนองวัวซอ จ.อุดรธานี 41220', '0845139972', 12, 4),
(935, '64301210077', 'ธนภรณ์ คำธานี', '69 หมู่ที่ - ถนน ทองคำอุทิศ ต.หมากแข้ง อ.เมืองอุดรธานี จ.อุดรธานี 41000', '0629908077', 0, 0),
(936, '64301210078', 'ศุภณัฐ สิงห์บุญมี', '147 หมู่ที่ 1 ถนน - ต.บ้านตาด อ.บ้านดุง จ.อุดรธานี 41190', '0979319255', 12, 4),
(937, '64301210079', 'ภูผา บุบผา', '306 หมู่ที่ 5 ถนน - ต.นาทับไฮ อ.รัตนวาปี จ.หนองคาย 43120', '0637803679', 12, 4),
(938, '64301210080', 'ประวันวิทย์ กุลีหน', '33 หมู่ที่ 3 ถนน - ต.หนองอ้อ อ.หนองวัวซอ จ.อุดรธานี 41220', '0883749584', 12, 4),
(939, '64301210081', 'ชัยณรงค์ โพธิ์รัตน์', '140 หมู่ที่ 13 ถนน - ต.ท่าช้างคล้อง อ.ผาขาว จ.เลย 42240', '0624987926', 12, 4),
(940, '64301210082', 'กรชวัล วันโย', '9 หมู่ที่ 12 ถนน - ต.สุมเส้า อ.เพ็ญ จ.อุดรธานี 41150', '0816644174', 12, 4),
(941, '64301210083', 'กีรติ ภูมิเทศ', '7 หมู่ที่ 5 ถนน - ต.โพธิ์ตาก อ.โพธิ์ตาก จ.หนองคาย 43130', '0652121949', 12, 4),
(942, '64301210084', 'อัครพนธ์ งามสันเทียะ', '26 หมู่ที่ 10 ถนน - ต.นาหนัง อ.โพนพิสัย จ.หนองคาย 43120', '0897101477', 12, 4),
(943, '64301210085', 'ภัสกร อินทิราช', '15 หมู่ที่ 7 ถนน - ต.วัดหลวง อ.โพนพิสัย จ.หนองคาย 43120', '0934962097', 12, 4),
(944, '64301210086', 'พงศธร แทนคำ', '94 หมู่ที่ 7 ถนน - ต.พระบาทนาสิงห์ อ.รัตนวาปี จ.หนองคาย 43120', '0862256085', 12, 4),
(945, '64301210087', 'ทัศน์ไชย สุวิสุทธิ์', '4 หมู่ที่ 4 ถนน - ต.กุดบง อ.โพนพิสัย จ.หนองคาย 43120', '0986613662', 12, 4),
(946, '64301210088', 'ศิริมงคล ศรีจันทร์', '11 หมู่ที่ 9 ถนน - ต.กุดบง อ.โพนพิสัย จ.หนองคาย 43120', '0652670956', 12, 4),
(947, '64301210131', 'พาคิณ ชาวาปี', '175 หมู่ที่ 16 ต.เสอเพลอ อ.กุมภวาปี จ.อุดรธานี 41110', '093-5594317', 0, 0),
(948, '64301210132', 'เทียนไชย ไชยเทพ', '905 หมู่ที่ 1 ต.บ้านเลื่อม อ.เมืองอุดรธานี จ.อุดรธานี 41000', '083-6643462', 12, 2),
(949, '64301210134', 'ปรัชญา สมสนุก', '120 หมู่ที่ 6 ต.ทุ่งใหญ่ อ.ทุ่งฝน จ.อุดรธานี 41310', '088-7154460', 0, 0),
(950, '64301210137', 'พัทธวรรณ สุตพรหม', '12 ต.ทุ่งฝน อ.ทุ่งฝน จ.อุดรธานี 41310', 'null', 12, 2),
(951, '64301210139', 'วีระยุทธ จันทรเสนา', '8 ต.บ้านจั่น อ.เมืองอุดรธานี จ.อุดรธานี 41000', 'null', 0, 0),
(952, '64301210069', 'ธีรภัทร์ พรมหา', '99 หมู่ที่ 7 ถนน - ต.เชียงเพ็ง อ.กุดจับ จ.อุดรธานี 41250', '0926175344', 12, 5),
(953, '64301210089', 'สยมภู โฮชิน', '-97 หมู่ที่ 7 ถนน - ต.กุดบง อ.โพนพิสัย จ.หนองคาย 43120', 'null', 0, 0),
(954, '64301210090', 'ศราวุฒิ เอนกนวน', '-37 หมู่ที่ 10 ถนน - ต.พระบาทนาสิงห์ อ.รัตนวาปี จ.หนองคาย 43120', '0934387763', 0, 0),
(955, '64301210091', 'อรรถพล อันสา', '506 หมู่ที่ 1 ถนน - ต.บ้านเลื่อม อ.เมืองอุดรธานี จ.อุดรธานี 41000', '0618908922', 12, 5),
(956, '64301210092', 'ฐิติกา กิจพฤกษ์', '46 หมู่ที่ 9 ถนน - ต.อ้อมกอ อ.บ้านดุง จ.อุดรธานี 41190', '087855428', 12, 5),
(957, '64301210093', 'เอกพงษ์ จันทร์อ้วน', '98 หมู่ที่ 10 ถนน - ต.นครเจดีย์ อ.ป่าซาง จ.ลำพูน 51120', '0860165041', 0, 0),
(958, '64301210094', 'อภิวัฒน์ กาหวาย', '60 หมู่ที่ 2 ถนน - ต.บ้านธาตุ อ.เพ็ญ จ.อุดรธานี 41150', '0652940907', 12, 5),
(959, '64301210095', 'ศิริศักดิ์ แสงพระทิตย์', '211 หมู่ที่ 2 ถนน - ต.นาหนัง อ.โพนพิสัย จ.หนองคาย 43120', '0983208707', 0, 0),
(960, '64301210096', 'วัชระ พิมพ์นาจ', '30 หมู่ที่ 14 ถนน - ต.คำตากล้า อ.คำตากล้า จ.สกลนคร 47250', '0636109105', 0, 0),
(961, '64301210097', 'จิราพร บางสา', '4 หมู่ที่ 9 ถนน - ต.ดอนหายโศก อ.หนองหาน จ.อุดรธานี 41130', '0952452539', 12, 5),
(962, '64301210098', 'ปัณฑิตา กาละมหา', '37/1 หมู่ที่ 2 ถนน - ต.หนองอ้อ อ.หนองวัวซอ จ.อุดรธานี 41220', '0938106646', 12, 5),
(963, '64301210099', 'ธนวัฒน์ เหมะมูล', '124 หมู่ที่ 2 ถนน - ต.พังงู อ.หนองหาน จ.อุดรธานี 41130', '0901587874', 0, 0),
(964, '64301210100', 'สุพัตรา วงษ์ปัน', '36 หมู่ที่ 3 ถนน - ต.สุมเส้า อ.เพ็ญ จ.อุดรธานี 41150', '0968316253', 12, 5),
(965, '64301210103', 'ดลอัปสร ฉัตรศรี', '-30/3 หมู่ที่ 1 ถนน - ต.หมากแข้ง อ.เมืองอุดรธานี จ.อุดรธานี 41000', '0839965954', 12, 5),
(966, '64301210104', 'ธนวัฒน์ สร้อยเสนา', '187 หมู่ที่ 4 ถนน - ต.หนองบัว อ.เมืองอุดรธานี จ.อุดรธานี 41000', '0871405071', 12, 5),
(967, '64301210105', 'จรีภรณ์ คำแนบ', '112 หมู่ที่ 2 ถนน - ต.หัวนาคำ อ.ศรีธาตุ จ.อุดรธานี 41230', '0622342784', 12, 5),
(968, '64301210106', 'ฐิติมา คำชมภู', '27 หมู่ที่ 2 ถนน - ต.หัวนาคำ อ.ศรีธาตุ จ.อุดรธานี 41230', '0646964337', 12, 5),
(969, '64301210107', 'วรเมธ เมืองคุณ', '199 หมู่ที่ 2 ถนน - ต.สุวรรณคูหา อ.สุวรรณคูหา จ.หนองบัวลำภู 39270', '092-8499104', 0, 0),
(970, '64301210109', 'สิทธิพล ภูมี', '90 หมู่ที่ 10 ถนน - ต.ด่านช้าง อ.นากลาง จ.หนองบัวลำภู 39170', '061-2607122', 12, 6),
(971, '64301210110', 'สิทธิโชค แสงโยธา', '109 หมู่ที่ 3 ถนน - ต.เชียงพิณ อ.เมืองอุดรธานี จ.อุดรธานี 41000', '089-4224392', 0, 0),
(972, '64301210111', 'ยุทธศาสตร์ ชาสงวน', '-84 หมู่ที่ 2 ถนน - ต.โนนเมือง อ.โนนสัง จ.หนองบัวลำภู 39140', '0930366577', 12, 6),
(973, '64301210112', 'เปมิกา พิญญพันธ์', '269 หมู่ที่ 8 ถนน - ต.หนองแวง อ.น้ำโสม จ.อุดรธานี 41210', '0988482209', 12, 6),
(974, '64301210113', 'รัฐธรรมนูญ หอมพรมมา', '18 หมู่ที่ 4 ถนน - ต.ดงมะไฟ อ.สุวรรณคูหา จ.หนองบัวลำภู 39270', '0807434964', 12, 6),
(975, '64301210114', 'วรุณ แจ่มสกุล', '3/1 หมู่ที่ 4 ถนน - ต.บัวชุม อ.ชัยบาดาล จ.ลพบุรี 15130', '0636034710', 12, 6),
(976, '64301210115', 'ศุภษร หานาม', '-52 หมู่ที่ 7 ถนน - ต.นาตาล อ.ท่าคันโท จ.กาฬสินธุ์ 46190', '0629857937', 0, 0),
(977, '64301210116', 'สิทธิพงษ์ สุขวรรณ', '186 หมู่ที่ 13 ถนน - ต.ดงมะไฟ อ.สุวรรณคูหา จ.หนองบัวลำภู 39270', '0879775897', 12, 6),
(978, '64301210117', 'ธนดล ศรีอุดม', '166 หมู่ที่ 7 ถนน - ต.ศรีสุทโธ อ.บ้านดุง จ.อุดรธานี 41190', '0844281315', 12, 6),
(979, '64301210118', 'นรวิชญ์ เวียงนนท์', '86 หมู่ที่ 3 ถนน - ต.ด่านช้าง อ.นากลาง จ.หนองบัวลำภู 39170', '0979628301', 12, 6),
(980, '64301210119', 'ยศธรรม ฉิมนิล', '225 หมู่ที่ 13 ถนน - ต.นากลาง อ.นากลาง จ.หนองบัวลำภู 39170', '093-3754876', 12, 6),
(981, '64301210120', 'ลัดดาวัลย์ หาดจันทร์', '-330 หมู่ที่ 5 ถนน - ต.นาแต้ อ.คำตากล้า จ.สกลนคร 47250', '0616303823', 12, 6),
(982, '64301210121', 'ศตวรรษ ชัยศรี', '57 หมู่ที่ 12 ถนน - ต.โนนสัง อ.โนนสัง จ.หนองบัวลำภู 39140', '0641868600', 0, 0),
(983, '64301210122', 'ภาสกร สัตตะพันธ์', '-107 หมู่ที่ 3 ถนน - ต.ศรีธาตุ อ.ศรีธาตุ จ.อุดรธานี 41230', '0832882287', 0, 0),
(984, '64301210123', 'ภานุวัฒน์ ศรีสุข', '43 หมู่ที่ 5 ถนน - ต.จำปี อ.ศรีธาตุ จ.อุดรธานี 41230', '0947848277', 0, 0),
(985, '64301210124', 'พลวัฒน์ ป้องสุพรรณ', '123 หมู่ที่ 5 ถนน - ต.โพธิ์ชัย อ.เมืองหนองบัวลำภู จ.หนองบัวลำภู 39000', '081-1175257', 0, 0),
(986, '64301210125', 'ตะวัน ชัยชนะ', '109 หมู่ที่ 7 ถนน - ต.สามพร้าว อ.เมืองอุดรธานี จ.อุดรธานี 41000', '080-8830098', 0, 0),
(987, '64301210126', 'เทวราช ห้วยสี', '203 หมู่ที่ 17 ถนน - ต.นาโพธิ์ อ.กุดรัง จ.มหาสารคาม 44130', '063-946370', 0, 0),
(988, '64301210127', 'วิศิษฎ์ แก้วดวงดี', '207 หมู่ที่ 17 ถนน - ต.ฝั่งแดง อ.นากลาง จ.หนองบัวลำภู 39170', '096-9720902', 12, 6),
(989, '64301210136', 'เฉลิมวรรษ พิรุณสุนทร', '216 หมู่ที่ 18 ต.ฝั่งแดง อ.นากลาง จ.หนองบัวลำภู 39170', '0986141953', 0, 0),
(990, '64301280001', 'ลัดฟ้า คำแหงพล', '83 หมู่ที่ 3 ต.เชียงพิณ อ.เมืองอุดรธานี จ.อุดรธานี 41000', '080-7454000', 9, 1),
(991, '64301280002', 'อนพัช วงศ์อารีย์', '60/3 หมู่ที่ 13 ต.กุมภวาปี อ.กุมภวาปี จ.อุดรธานี 41110', '093-4205257', 9, 1),
(992, '64301280003', 'ธณายุต สมหวาน', '204/1 หมู่ที่ 9 ถนน ศรีสุข ต.หมากแข้ง อ.เมืองอุดรธานี จ.อุดรธานี 41000', '085743193', 9, 1),
(993, '64301280004', 'ธนายุต สนสายสิงห์', '68 หมู่ที่ 7 ต.กุดสระ อ.เมืองอุดรธานี จ.อุดรธานี 41000', '087-9458260', 0, 0),
(994, '64301280005', 'ภูมิพัฒน์ ภิรมย์ราช', '14 หมู่ที่ 2 ต.นามะเฟือง อ.เมืองหนองบัวลำภู จ.หนองบัวลำภู 39000', 'null', 9, 1),
(995, '64301280006', 'ชยุตม์ ปฐมกำเหนิด', '99/18 หมู่ที่ 5 ถนน อุดร -เลย ต.โคกสะอาด อ.เมืองอุดรธานี จ.อุดรธานี 41000', 'null', 9, 1),
(996, '64301280007', 'ธีรจิตติ์ ดวงจันทร์', '10 หมู่ที่ 16 ต.นาข่า อ.เมืองอุดรธานี จ.อุดรธานี 41000', '093-7104426', 9, 1),
(997, '64301280008', 'จักรกฤษณ์ มูลดี', '82 หมู่ที่ 6 ต.โนนสูง อ.เมืองอุดรธานี จ.อุดรธานี 41000', '087-0278947', 9, 1),
(998, '64301280009', 'สราวุธ คลังกลาง', '103/1 หมู่ที่ 12 ต.พันดอน อ.กุมภวาปี จ.อุดรธานี 41110', '088-5821752', 9, 1),
(999, '64301280010', 'บรรณสรณ์ ชนะชัย', '113/9 หมู่ที่ 2 ถนน อุดร-สกล ต.หมากแข้ง อ.เมืองอุดรธานี จ.อุดรธานี 41000', '084-5182728', 9, 1),
(1000, '64301280011', 'ชัยณรงค์ โพธิสาร', '149 หมู่ที่ 2 ต.หนองบัวบาน อ.หนองวัวซอ จ.อุดรธานี 41220', '081-6012407', 9, 1),
(1001, '64301280012', 'วันเฉลิม ราชมั่ง', '223 หมู่ที่ 1 ถนน อุดร - เลย ต.นิคมสงเคราะห์ อ.เมืองอุดรธานี จ.อุดรธานี 41000', '087-4228517', 9, 1),
(1002, '64301280013', 'จิตรกร คลื่นสนั่น', '23 หมู่ที่ 9 ถนน - ต.พันดอน อ.กุมภวาปี จ.อุดรธานี 41110', '0963535169', 0, 0),
(1003, '64301280014', 'วุฒินันท์ สุวรรณแสง', '159/3 หมู่ที่ 3 ถนน - ต.หนองบัว อ.เมืองอุดรธานี จ.อุดรธานี 41000', '094-9298720', 9, 1),
(1004, '64301280015', 'ศิขรินทร์ สรรพโส', '211 หมู่ที่ 5 ถนน - ต.สามพร้าว อ.เมืองอุดรธานี จ.อุดรธานี 41000', '088-0573069', 9, 1),
(1005, '64301280016', 'ภัทรพล คำมีคร', '122 หมู่ที่ 6 ถนน - ต.หมากแข้ง อ.เมืองอุดรธานี จ.อุดรธานี 41000', '0855894095', 9, 1),
(1006, '64301280017', 'ธวัชชัย กับบุญ', '124 หมู่ที่ 10 ถนน - ต.ชุมช้าง อ.โพนพิสัย จ.หนองคาย 43120', '0691386989', 0, 0),
(1007, '64301280018', 'อรรถชัย อาจอุดม', '98/26 หมู่ที่ 1 ถนน - ต.หมากแข้ง อ.เมืองอุดรธานี จ.อุดรธานี 41000', '085-7569757', 9, 1),
(1008, '64301280019', 'วริทธิ์ สีนันทะ', '292 หมู่ที่ 7 ถนน - ต.นาข่า อ.เมืองอุดรธานี จ.อุดรธานี 41000', '0994795097', 9, 1),
(1009, '64301280020', 'พลพล วรรณฤกษ์', '331/14 หมู่ที่ 14 ถนน อุดรธานี ต.หนองนาคำ อ.เมืองอุดรธานี จ.อุดรธานี 41000', '0885391044', 9, 1),
(1010, '64301280021', 'รัชพล ศรีชำนาญ', '13/29 หมู่ที่ - ถนน เบญจางค์ ต.หมากแข้ง อ.เมืองอุดรธานี จ.อุดรธานี 41000', '0929122623', 0, 0),
(1011, '64301280022', 'ชนิตา อุสหพันธ์', '110 หมู่ที่ 6 ถนน - ต.โคกก่อง อ.เมืองบึงกาฬ จ.บึงกาฬ 38000', '0644296203', 9, 2),
(1012, '64301280023', 'ปิยพร ปักษา', '169 หมู่ที่ 10 ถนน - ต.โนนสมบูรณ์ อ.เมืองบึงกาฬ จ.บึงกาฬ 38000', '0857002995', 9, 2),
(1013, '64301280024', 'ณัฐวุฒิ วิชาผา', '759/1 หมู่ที่ 7 ถนน - ต.หมากแข้ง อ.เมืองอุดรธานี จ.อุดรธานี 41000', '0891873832', 9, 2),
(1014, '64301280025', 'อลิยา สายแก้ว', '10 หมู่ที่ 6 ถนน - ต.โคกก่อง อ.เมืองบึงกาฬ จ.บึงกาฬ 38000', '0658164501', 9, 2),
(1015, '64301280026', 'รุ่งฤดี แสงชาติ', '58 หมู่ที่ 6 ถนน - ต.โคกก่อง อ.เมืองบึงกาฬ จ.บึงกาฬ 38000', '0624261490', 9, 2),
(1016, '64301280027', 'ชัยวัฒน์ แก้วสี', '87 หมู่ที่ 7 ถนน 87 ต.สุวรรณคูหา อ.สุวรรณคูหา จ.หนองบัวลำภู 39270', '0835617461', 9, 2),
(1017, '64301280028', 'พรธันวา คงกะพันธ์', '204 หมู่ที่ 1 ถนน - ต.สร้อยพร้าว อ.หนองหาน จ.อุดรธานี 41130', '0944931764', 9, 2),
(1018, '64301280029', 'นฤนาท แก้วยงกฎ', '59/3 หมู่ที่ 9 ถนน - ต.โคกสะอาด อ.เมืองอุดรธานี จ.อุดรธานี 41000', '0611301182', 9, 2),
(1019, '64301280030', 'ถิระวัฒน์ สีหาวงษ์', '5 หมู่ที่ 9 ถนน - ต.หมากหญ้า อ.หนองวัวซอ จ.อุดรธานี 41220', '0961296234', 0, 0),
(1020, '64301280031', 'ก้องภพ กวีวัฒนกร', '230 หมู่ที่ 3 ถนน - ต.ตูมใต้ อ.กุมภวาปี จ.อุดรธานี 41110', '0826505886', 9, 2),
(1021, '64301280032', 'ศิริพงศ์ งามสุข', '162 หมู่ที่ 16 ถนน - ต.หนองเม็ก อ.หนองหาน จ.อุดรธานี 41130', '0926619615', 9, 2),
(1022, '64301280033', 'ธีรภัทร์ ไชยเพชร', '131/111 หมู่ที่ 5 ถนน - ต.หนองบัว อ.เมืองอุดรธานี จ.อุดรธานี 41000', '0817149348', 0, 0),
(1023, '64301280034', 'กมลชนก จำปีหอม', '161 หมู่ที่ 10 ถนน - ต.สร้างก่อ อ.กุดจับ จ.อุดรธานี 41250', '0836668675', 9, 2),
(1024, '64301280035', 'ฟ้าลั่น พลั่วพันธ์', '15 หมู่ที่ 3 ถนน - ต.ตาลเลียน อ.กุดจับ จ.อุดรธานี 41250', '0872707855', 0, 0),
(1025, '64301280036', 'กนกพร ชินโน', '14 หมู่ที่ 8 ถนน - ต.หนองวัวซอ อ.หนองวัวซอ จ.อุดรธานี 41220', '084-5136174', 9, 2),
(1026, '64301280037', 'ภาณุพงศ์ สระทองแซว', '128 หมู่ที่ 10 ถนน - ต.กุดหมากไฟ อ.หนองวัวซอ จ.อุดรธานี 41220', '099-4640208', 9, 2),
(1027, '64301280038', 'ภาคีไนย กันยะพิลา', '115 หมู่ที่ 6 ต.หมากแข้ง อ.เมืองอุดรธานี จ.อุดรธานี 41000', '0942517790', 0, 0),
(1028, '64301280039', 'ไตรภพ เก่งคำ', '156 หมู่ที่ 4 ต.บ้านธาตุ อ.เพ็ญ จ.อุดรธานี 41150', '0958105643', 0, 0),
(1029, '64301280040', 'ทินภัทร ศรีจันทร์', '98 หมู่ที่ 11 ต.โซ่ อ.โซ่พิสัย จ.บึงกาฬ 38170', '0933434852', 9, 2),
(1030, '64301280041', 'ฒิญฌาณ เหมุทัย', '94 หมู่ที่ 4 ต.บ้านธาตุ อ.เพ็ญ จ.อุดรธานี 41150', '0931569517', 9, 2),
(1031, '64301280042', 'สุพิชชา คำพิพจน์', '100 หมู่ที่ 2 ต.ด่านช้าง อ.นากลาง จ.หนองบัวลำภู 39170', '0621194937', 0, 0),
(1032, '64301280043', 'อนุชา ชนะหาญ', '53 หมู่ที่ 4 ต.โซ่ อ.โซ่พิสัย จ.บึงกาฬ 38170', '080-2979268', 0, 0),
(1033, '64301280044', 'ณัฐริดา ลียะวงค์', '23 หมู่ที่ 6 ต.ปะโค อ.กุดจับ จ.อุดรธานี 41250', '0813801176', 0, 0),
(1034, '64302140001', 'นลินทิพย์ ราชพลี', '95 หมู่ที่ 5 ถนน - ต.นาคำ อ.บ้านดุง จ.อุดรธานี 41190', '0930759969', 10, 1),
(1035, '64302140002', 'นัยนา ถาภรงาม', '67 หมู่ที่ 12 ถนน - ต.นาม่วง อ.ประจักษ์ศิลปาคม จ.อุดรธานี 41110', '0934864825', 0, 0),
(1036, '64302140003', 'สุจิตรา สังเกตชน', '185 หมู่ที่ 15 ถนน - ต.ปะโค อ.กุมภวาปี จ.อุดรธานี 41110', '0967762689', 10, 1),
(1037, '64302140004', 'วรัญภรณ์ ปัญญายาว', '54 หมู่ที่ 10 ถนน - ต.โคกกลาง อ.โนนสะอาด จ.อุดรธานี 41240', 'null', 10, 1),
(1038, '64302140005', 'อนุสรณ์ ทาดทา', '83 หมู่ที่ 2 ถนน - ต.ทมนางาม อ.โนนสะอาด จ.อุดรธานี 41240', '0610569121', 10, 1),
(1039, '64302140006', 'อภิวัต ดูเชิดรัมย์', '25 หมู่ที่ 8 ถนน - ต.ท่าลี่ อ.กุมภวาปี จ.อุดรธานี 41110', '0629986369', 10, 1),
(1040, '64302140007', 'จุฑารัตน์ เทพพรม', '93 หมู่ที่ 18 ถนน - ต.เชียงยืน อ.เมืองอุดรธานี จ.อุดรธานี 41000', '0841984384', 10, 1),
(1041, '64302140008', 'กฤติยาณี จันทร์เจาะ', '11/1 หมู่ที่ 1 ถนน - ต.เชียงพิณ อ.เมืองอุดรธานี จ.อุดรธานี 41000', '0948511694', 10, 1),
(1042, '64302140009', 'ปุณยนุช แดงพวง', '54 หมู่ที่ 3 ถนน - ต.เทพคีรี อ.นาวัง จ.หนองบัวลำภู 39170', '0887470395', 10, 1),
(1043, '64302140010', 'ปนัดดา บุระคำ', '49/2 หมู่ที่ 1 ถนน - ต.บ้านจั่น อ.เมืองอุดรธานี จ.อุดรธานี 41000', '066-0458590', 0, 0),
(1044, '64302140011', 'สุภลักษณ์ บุญโชติ', '64 หมู่ที่ 11 ถนน - ต.กุดสระ อ.เมืองอุดรธานี จ.อุดรธานี 41000', '0989811109', 10, 1),
(1045, '64302140012', 'เสาวลักษณ์ ช้างสาร', '141/113 หมู่ที่ 4 ถนน - ต.หนองขอนกว้าง อ.เมืองอุดรธานี จ.อุดรธานี 41000', '0648758949', 10, 1),
(1046, '64302140013', 'จุฑารัตน์ คำพิลัง', '942 หมู่ที่ 1 ถนน - ต.เชียงพิณ อ.เมืองอุดรธานี จ.อุดรธานี 41000', '0823174998', 0, 0),
(1047, '64302140014', 'รัตนาภรณ์ มอนสูงเนิน', '240 หมู่ที่ 4 ถนน - ต.นิคมสงเคราะห์ อ.เมืองอุดรธานี จ.อุดรธานี 41000', '0934496738', 10, 1),
(1048, '64302140015', 'กมลชนก ยางคำพะบุตร', '-54 หมู่ที่ 8 ถนน - ต.คอกช้าง อ.สระใคร จ.หนองคาย 43100', '0887445129', 0, 0),
(1049, '64302140016', 'ชนิดา โคตนน', '61 หมู่ที่ 5 ถนน - ต.นาบัว อ.เพ็ญ จ.อุดรธานี 41150', '086-1685178', 10, 1),
(1050, '64302140017', 'สุดารัตน์ สารรัตน์', '71 หมู่ที่ 9 ถนน - ต.บ้านตาด อ.เมืองอุดรธานี จ.อุดรธานี 41000', '065-4418354', 10, 1),
(1051, '64302140018', 'ศศิชา เทพบุปผา', '137 หมู่ที่ 5 ถนน - ต.เมืองพาน อ.บ้านผือ จ.อุดรธานี 41160', '0927042148', 10, 1),
(1052, '64302140019', 'นันธิดา บ้านภูมิ', '178 หมู่ที่ 9 ถนน - ต.นาคำ อ.บ้านดุง จ.อุดรธานี 41190', '0652609950', 0, 0),
(1053, '64302140020', 'สุทธิดา สมสุทธิ์', '88 หมู่ที่ 1 ถนน - ต.โนนป่าซาง อ.ผาขาว จ.เลย 42240', 'null', 10, 1),
(1054, '64302140021', 'สุนิษา โคตรสุวรรณ', '295 หมู่ที่ 7 ถนน - ต.นาดี อ.สุวรรณคูหา จ.หนองบัวลำภู 39270', '0990462276', 10, 1),
(1055, '64302140022', 'อัสนี เกื้อกูล', '18 หมู่ที่ 4 ถนน - ต.คูสะคาม อ.วานรนิวาส จ.สกลนคร 47120', '0621718737', 10, 1),
(1056, '64302140023', 'ฑัตติยา เรืองประทีป', '315 หมู่ที่ 2 ถนน - ต.นายูง อ.นายูง จ.อุดรธานี 41380', '0616490451', 10, 2),
(1057, '64302140024', 'จุทาทิพย์ บุตรสา', '100 หมู่ที่ 7 ถนน - ต.บ้านขาว อ.เมืองอุดรธานี จ.อุดรธานี 41000', '0923396175', 10, 2),
(1058, '64302140025', 'พัชราภา สีหาวงษ์', '264 หมู่ที่ 7 ถนน - ต.เชียงหวาง อ.เพ็ญ จ.อุดรธานี 41150', '0862192055', 10, 2),
(1059, '64302140026', 'ปราริชาติ ประจงสาร', '224 หมู่ที่ 19 ถนน - ต.เชียงหวาง อ.เพ็ญ จ.อุดรธานี 41150', '080-4056532', 0, 0),
(1060, '64302140027', 'ปวันรัตน์ ธาตุวิสัย', '23 หมู่ที่ 11 ถนน - ต.บ้านธาตุ อ.เพ็ญ จ.อุดรธานี 41150', '0963796053', 10, 2),
(1061, '64302140028', 'สุภารัตน์ จันทร์ศรีเสาร์', '14 หมู่ที่ 8 ถนน - ต.ผักตบ อ.หนองหาน จ.อุดรธานี 41130', '0840046583', 10, 2),
(1062, '64302140029', 'ปรียาพร ศรีพล', '170 หมู่ที่ 15 ถนน - ต.โคกม่วง อ.โนนสัง จ.หนองบัวลำภู 39140', '0890265212', 10, 2),
(1063, '64302140030', 'มาริษา อุโคตบุตร', '453 หมู่ที่ 5 ถนน - ต.เชียงหวาง อ.เพ็ญ จ.อุดรธานี 41150', '0612269337', 10, 2),
(1064, '64302140031', 'พีรวัฒน์ รัตนวงศ์', '237 หมู่ที่ 2 ถนน - ต.หนองนาคำ อ.เมืองอุดรธานี จ.อุดรธานี 41000', '0800053714', 10, 2),
(1065, '64302140032', 'ชนาพร พังคะลี', '319 หมู่ที่ 1 ถนน - ต.เตาไห อ.เพ็ญ จ.อุดรธานี 41150', '0966344956', 0, 0),
(1066, '64302140033', 'กิตติวัฒน์ ขาวประทีป', '182/7 หมู่ที่ 5 ถนน - ต.หนองบัว อ.เมืองอุดรธานี จ.อุดรธานี 41000', '0958544421', 10, 2),
(1067, '64302140034', 'วิจรัตน์ จันทร์พิโชติ', '142 หมู่ที่ 8 ถนน - ต.โคกกลาง อ.เพ็ญ จ.อุดรธานี 41150', '0878155331', 10, 2),
(1068, '64302140035', 'พรพิศ โพธิวาระ', '117 หมู่ที่ 4 ถนน - ต.บ้านเหล่า อ.เพ็ญ จ.อุดรธานี 41150', '0821281043', 10, 2),
(1069, '64302140036', 'ศิโรรัตน์ คัตตะโร', '235 หมู่ที่ 7 ถนน - ต.พังงู อ.หนองหาน จ.อุดรธานี 41130', '0930942819', 10, 2),
(1070, '64302140037', 'อโรชา เสริฐสาย', '64 หมู่ที่ 7 ถนน - ต.พังงู อ.หนองหาน จ.อุดรธานี 41130', '0982212973', 10, 2),
(1071, '64302140038', 'ปนัดดา บุตโยธี', '282 หมู่ที่ 3 ถนน - ต.สะแบง อ.หนองหาน จ.อุดรธานี 41130', '0926940714', 10, 2),
(1072, '64302140039', 'ทิตฐิตา อิจรีย์', '250 หมู่ที่ 10 ถนน - ต.สร้างก่อ อ.กุดจับ จ.อุดรธานี 41250', '0621577113', 10, 2),
(1073, '64302140040', 'วนัสนันท์ พิมอูป', '177 หมู่ที่ 7 ถนน - ต.คันโช้ง อ.วัดโบสถ์ จ.พิษณุโลก 65160', '09830113587', 10, 2),
(1074, '64302140041', 'ธเนศ ทองสุพรรค์', '258 หมู่ที่ 9 ถนน - ต.ท่าบ่อ อ.ท่าบ่อ จ.หนองคาย 43110', '080-7462085', 10, 2),
(1075, '64302140042', 'จิราพัชร ทองทิพย์', '39 หมู่ที่ 11 ถนน - ต.ด่านช้าง อ.นากลาง จ.หนองบัวลำภู 39170', '0934625993', 10, 2),
(1076, '64302140043', 'วัชราภรณ์ ชุมคำไฮ', '135 หมู่ที่ 1 ถนน - ต.บ้านเลื่อม อ.เมืองอุดรธานี จ.อุดรธานี 41000', '0633028225', 0, 0),
(1077, '64302140088', 'กัญญารัตน์ วงเชียงยืน', '81 หมู่ที่ 12 ต.เชียงเพ็ง อ.กุดจับ จ.อุดรธานี 41250', '0658695755', 10, 1),
(1078, '64302140095', 'หนึ่งฤทัย พรหมดี', '183 หมู่ที่ 3 ต.มหาชัย อ.ปลาปาก จ.นครพนม 48160', '0612254569', 10, 1),
(1079, '64302140096', 'กัญญณัท ไชยวาน', '125 หมู่ที่ 12 ต.ไชยวาน อ.ไชยวาน จ.อุดรธานี 41290', '0844661365', 10, 1),
(1080, '64302140098', 'ธัญญลักษณ์ สีสิงห์', '89 หมู่ที่ 16 ต.เชียงหวาง อ.เพ็ญ จ.อุดรธานี 41150', '0817497960', 10, 1),
(1081, '64302140104', 'วิจิตรา ศิริษา', '72 หมู่ที่ 8 ต.ถ่อนนาลับ อ.บ้านดุง จ.อุดรธานี 41190', '0933836429', 0, 0),
(1082, '64302140113', 'สุพัฒชยา บุญประทุม', '146 หมู่ที่ 10 ต.บ้านโคก อ.สุวรรณคูหา จ.หนองบัวลำภู 39270', '0892779879', 0, 0),
(1083, '64302140044', 'ปรีชา รัตนกุล', '34 หมู่ที่ 5 ถนน - ต.นาแก อ.นาวัง จ.หนองบัวลำภู 39170', '0615317900', 10, 3),
(1084, '64302140045', 'ทวีโชค กุดวงศา', '65/5 หมู่ที่ - ถนน โพนพิสัย ต.หมากแข้ง อ.เมืองอุดรธานี จ.อุดรธานี 41000', '0921311487', 10, 3),
(1085, '64302140046', 'ไชยทอง ปิลอง', '31 หมู่ที่ 13 ถนน - ต.ห้วยหลัว อ.บ้านม่วง จ.สกลนคร 47140', '0627407513', 0, 0),
(1086, '64302140047', 'อนัญญา เกษต้น', '-40 หมู่ที่ 3 ถนน - ต.หนองไฮ อ.เมืองอุดรธานี จ.อุดรธานี 41000', '0936215962', 0, 0),
(1087, '64302140048', 'สุนิสา ช่วยสุข', '-141/1 หมู่ที่ 4 ถนน - ต.นิคมสงเคราะห์ อ.เมืองอุดรธานี จ.อุดรธานี 41000', '0848969882', 0, 0),
(1088, '64302140049', 'สิรินาฎ ธีระนุกูล', '-70 หมู่ที่ 1 ถนน - ต.เทพคีรี อ.นาวัง จ.หนองบัวลำภู 39170', '0898627990', 0, 0),
(1089, '64302140050', 'สิรามล ศรีทอง', '110 หมู่ที่ 5 ถนน - ต.วังทอง อ.นาวัง จ.หนองบัวลำภู 39170', '0979513100', 0, 0),
(1090, '64302140051', 'วรัญญา แจ้งจำรัส', '262 หมู่ที่ 10 ถนน - ต.บ้านเชียง อ.หนองหาน จ.อุดรธานี 41130', '0963362866', 10, 3),
(1091, '64302140052', 'วริศรา ไสสว่าง', '51 หมู่ที่ 2 ถนน - ต.ด่านช้าง อ.นากลาง จ.หนองบัวลำภู 39170', '0961032903', 10, 3),
(1092, '64302140053', 'วรรัตน์ ชำนาญ', '195 หมู่ที่ 10 ถนน - ต.กุดดินจี่ อ.นากลาง จ.หนองบัวลำภู 39170', '0625653735', 10, 3),
(1093, '64302140054', 'สุธิดา ศรีสุระ', '15 หมู่ที่ 5 ถนน - ต.นาคำ อ.บ้านดุง จ.อุดรธานี 41190', '084-3917535', 10, 3),
(1094, '64302140091', 'ศรสวรรค์ หยวกกุล', '4 หมู่ที่ 2 ต.โสมเยี่ยม อ.น้ำโสม จ.อุดรธานี 41210', '0967868570', 10, 3),
(1095, '64302140100', 'ศิริลักษณ์ โสภากุล', '162 หมู่ที่ 1 ถนน - ต.หนองแสง อ.หนองแสง จ.อุดรธานี 41340', '0886395018', 0, 0),
(1096, '64302140105', 'สุภารัตน์ สว่างสุข', '56 หมู่ที่ 5 ต.หนองแปน อ.เจริญศิลป์ จ.สกลนคร 47290', '062-1890731', 10, 3),
(1097, '64302140106', 'ธันย์ชนก บุราโส', '96 หมู่ที่ 11 ต.หนองแปน อ.เจริญศิลป์ จ.สกลนคร 47290', '062-1890731', 0, 0),
(1098, '64302140109', 'ธารดา โนนสว่าง', '148 หมู่ที่ 11 ต.เชียงยืน อ.เมืองอุดรธานี จ.อุดรธานี 41000', '0883058035', 10, 3),
(1099, '64302140112', 'ปิยฉัตร อุนะสิงห์', '80 หมู่ที่ 10 ต.นาหนัง อ.โพนพิสัย จ.หนองคาย 43120', '0990262013', 10, 3),
(1100, '64302140114', 'ศุภรา สาลีแสง', '1 หมู่ที่ 2 ต.โสมเยี่ยม อ.น้ำโสม จ.อุดรธานี 41210', '0611389554', 10, 3),
(1101, '64302140115', 'อาภัสรา เรืองเดช', '126 หมู่ที่ 6 ต.โสมเยี่ยม อ.น้ำโสม จ.อุดรธานี 41210', '0610639401', 10, 3),
(1102, '64302140119', 'อาทิตยา มณีรัตน์', '79 หมู่ที่ 10 ต.โพนทอง อ.โพธิ์ตาก จ.หนองคาย 43130', '0957042323', 0, 0),
(1103, '64302140121', 'ณัฐริกา ทองแสง', '94 หมู่ที่ 7 ต.ดงหม้อทอง อ.บ้านม่วง จ.สกลนคร 47140', '0927814357', 0, 0),
(1104, '64302140055', 'ธนากร มุทิตา', '147 หมู่ที่ 5 ถนน - ต.นาคำ อ.บ้านดุง จ.อุดรธานี 41190', '0810024184', 10, 4),
(1105, '64302140056', 'ปภาวดี ทองชมภู', '151 หมู่ที่ 5 ถนน - ต.นาคำ อ.บ้านดุง จ.อุดรธานี 41190', '090-8610591', 10, 4),
(1106, '64302140057', 'ปาริชาติ อินแก้ว', '86/1 หมู่ที่ 1 ถนน - ต.เชียงเพ็ง อ.กุดจับ จ.อุดรธานี 41250', '0806064362', 10, 4),
(1107, '64302140058', 'ทิพวรรณ สืบเทพ', '249 หมู่ที่ 1 ถนน - ต.นาเหล่า อ.นาวัง จ.หนองบัวลำภู 39170', '061-0753718', 10, 4),
(1108, '64302140059', 'สุธาศิณี มิตรศรี', '64 หมู่ที่ 9 ถนน - ต.โพนแพง อ.รัตนวาปี จ.หนองคาย 43120', '0643203823', 10, 4),
(1109, '64302140060', 'ชมพู่ ส่อนไชย', '101 หมู่ที่ 6 ถนน - ต.เพ็ญ อ.เพ็ญ จ.อุดรธานี 41150', '0890120092', 10, 4),
(1110, '64302140061', 'สิริยากร ดงเจริญ', '69 หมู่ที่ 8 ถนน - ต.สร้างก่อ อ.กุดจับ จ.อุดรธานี 41250', '0640987832', 10, 4),
(1111, '64302140062', 'เจนจิรา ไชยจันหอม', '128 หมู่ที่ 17 ถนน - ต.จำปาโมง อ.บ้านผือ จ.อุดรธานี 41160', '0946016974', 10, 4),
(1112, '64302140092', 'จุลมณี ตรีศาสตร์', '150 หมู่ที่ 10 ถนน - ต.โคกกลาง อ.โนนสะอาด จ.อุดรธานี 41240', '0948133728', 10, 4),
(1113, '64302140093', 'ฑรรณฐิกา พังคะลี', '3 หมู่ที่ 1 ต.เตาไห อ.เพ็ญ จ.อุดรธานี 41150', '0980015632', 0, 0),
(1114, '64302140094', 'สรายุ นิติมงคลชัย', '108/1 ถนน ประชารักษา ต.หมากแข้ง อ.เมืองอุดรธานี จ.อุดรธานี 41000', '0980979051', 10, 4),
(1115, '64302140097', 'วรนันท์ คำนวณ', '166 หมู่ที่ 11 ต.หนองแปน อ.เจริญศิลป์ จ.สกลนคร 47290', '0986257517', 10, 4),
(1116, '64302140099', 'เกียรติศักดิ์ ชาวนาแอง', '136/1 หมู่ที่ 5 ต.บ้านตาด อ.เมืองอุดรธานี จ.อุดรธานี 41000', '0872165747', 10, 4),
(1117, '64302140101', 'อริตา โพธิ์ศรี', '99/1 หมู่ที่ 1 ถนน - ต.โคกสะอาด อ.เมืองอุดรธานี จ.อุดรธานี 41000', '063-6145395', 10, 4),
(1118, '64302140102', 'กัญญารัตน์ ศิลาริน', '139 หมู่ที่ 5 ถนน - ต.สร้างแป้น อ.เพ็ญ จ.อุดรธานี 41150', '093-6214770', 10, 4),
(1119, '64302140107', 'พัชรินทร์ มูลสนาม', '128 หมู่ที่ 1 ต.ห้วยหลัว อ.บ้านม่วง จ.สกลนคร 47140', '098-0487913', 0, 0),
(1120, '64302140108', 'วรรณภรณ์ อยู่ทิม', '105 หมู่ที่ 11 ต.หนองแปน อ.เจริญศิลป์ จ.สกลนคร 47290', '092-2607289', 10, 4),
(1121, '64302140110', 'ระพีภรณ์ พานนท์', '148 หมู่ที่ 6 ต.ตาลเลียน อ.กุดจับ จ.อุดรธานี 41250', '064-4054700', 10, 4),
(1122, '64302140111', 'ปิยฉัตร ศรีตะนิตย์', '65 หมู่ที่ 10 ต.สร้างคอม อ.สร้างคอม จ.อุดรธานี 41260', 'null', 0, 0),
(1123, '64302140117', 'ณัฐธิดา ศาสนะสุพินธุ์', '132 หมู่ที่ 3 ต.ปะโค อ.กุดจับ จ.อุดรธานี 41250', '0981011859', 10, 4),
(1124, '64302140118', 'ปวินณา ลีเบาะ', '108 หมู่ที่ 4 ต.สร้างก่อ อ.กุดจับ จ.อุดรธานี 41250', '0933269395', 10, 4),
(1125, '64302140123', 'ช่อผกา เหล่าหงษา', '13 หมู่ที่ 1 ต.เสอเพลอ อ.กุมภวาปี จ.อุดรธานี 41110', '0857593949', 0, 0),
(1126, '64302140063', 'สุรีย์นิภา สิมมาน้อย', '120/1 หมู่ที่ 2 ถนน - ต.หนองบัว อ.เมืองอุดรธานี จ.อุดรธานี 41000', '0931261988', 10, 5),
(1127, '64302140064', 'ปิ่นมนัส วิรุณพันธ์', '319/280 หมู่ที่ 7 ถนน - ต.หนองบัว อ.เมืองอุดรธานี จ.อุดรธานี 41000', '0874246826', 10, 5),
(1128, '64302140065', 'มะลิวรรณ พัดเพ็ง', '100 หมู่ที่ 1 ถนน - ต.โคกใหญ่ อ.โนนสัง จ.หนองบัวลำภู 39140', '0801846651', 10, 5),
(1129, '64302140066', 'จิรธิดา เสียงล้ำ', '191 หมู่ที่ 4 ถนน - ต.หนองยอง อ.ปากคาด จ.บึงกาฬ 38190', '0890131398', 0, 0),
(1130, '64302140067', 'ณิชากร พลหาญ', '117 หมู่ที่ 1 ถนน - ต.จอมศรี อ.เพ็ญ จ.อุดรธานี 41150', '0842596749', 10, 5),
(1131, '64302140068', 'อภิญญา สว่างแสงทอง', '12 หมู่ที่ 10 ถนน - ต.เชียงหวาง อ.เพ็ญ จ.อุดรธานี 41150', '0986025107', 10, 5),
(1132, '64302140069', 'ณัฐพล แสนคำภา', '288 หมู่ที่ 4 ถนน - ต.บ้านว่าน อ.ท่าบ่อ จ.หนองคาย 43110', '0876796671', 10, 5),
(1133, '64302140070', 'ธำรงชัย วันดี', '283 หมู่ที่ 10 ถนน - ต.โพนสา อ.ท่าบ่อ จ.หนองคาย 43110', '0807292340', 10, 5),
(1134, '64302140071', 'สุภาพร ละเอียดอ่อง', '22 หมู่ที่ 6 ถนน - ต.โคกใหญ่ อ.โนนสัง จ.หนองบัวลำภู 39140', '0933428430', 10, 5),
(1135, '64302140072', 'ปัทมา ยมลาสิงห์', '-39 หมู่ที่ 8 ถนน - ต.นิคมพัฒนา อ.โนนสัง จ.หนองบัวลำภู 39140', '086-3308182', 10, 5),
(1136, '64302140074', 'วลัยลักษณ์ รักษาวงษ์', '187 หมู่ที่ 10 ถนน - ต.จอมศรี อ.เพ็ญ จ.อุดรธานี 41150', '0960920116', 10, 5),
(1137, '64302140075', 'อริสา บุญเกิด', '278 หมู่ที่ 12 ถนน - ต.หนองไผ่ อ.หนองหาน จ.อุดรธานี 41130', '0826066338', 0, 0),
(1138, '64302140076', 'ขจรศักดิ์ เบ็ญจกุล', '86 หมู่ที่ 2 ถนน - ต.กุดจับ อ.กุดจับ จ.อุดรธานี 41250', '0623323566', 10, 5),
(1139, '64302140077', 'เมตตา แก้วสว่าง', '116 หมู่ที่ 6 ถนน - ต.ถ่อนนาลับ อ.บ้านดุง จ.อุดรธานี 41190', '0611174490', 10, 5),
(1140, '64302140078', 'สหฤทธิ์ เหล่าเวียงเกตุ', '12 หมู่ที่ 8 ถนน - ต.อูบมุง อ.หนองวัวซอ จ.อุดรธานี 41220', '081-9545341', 0, 0),
(1141, '64302140079', 'ปิยะธิดา ชรินทร์', '69 หมู่ที่ 8 ถนน - ต.เซิม อ.โพนพิสัย จ.หนองคาย 43120', '0821561312', 0, 0),
(1142, '64302140080', 'อรสา ภูผาณี', '87 หมู่ที่ 7 ถนน - ต.เซิม อ.โพนพิสัย จ.หนองคาย 43120', '0901813951', 0, 0),
(1143, '64302140081', 'ปิยรส เนตินนท์', '-40 หมู่ที่ 1 ถนน - ต.หมากแข้ง อ.เมืองอุดรธานี จ.อุดรธานี 41000', '0933250768', 0, 0),
(1144, '64302140082', 'อรกัญญา สุระอุดร', '77 หมู่ที่ 6 ถนน - ต.กุดสระ อ.เมืองอุดรธานี จ.อุดรธานี 41000', '0868508589', 0, 0),
(1145, '64302140083', 'พิมพ์ชนก โฉมมณี', '69 หมู่ที่ 5 ถนน - ต.เชียงพิณ อ.เมืองอุดรธานี จ.อุดรธานี 41000', '0810614932', 0, 0),
(1146, '64302140084', 'อารยา จันทร์อ่อน', '304/1 หมู่ที่ 7 ถนน - ต.หมากแข้ง อ.เมืองอุดรธานี จ.อุดรธานี 41000', '0613560245', 0, 0),
(1147, '64302140085', 'นัยนา ดลดิรก', '118 หมู่ที่ 7 ถนน - ต.สมสนุก อ.ปากคาด จ.บึงกาฬ 38190', 'null', 10, 5),
(1148, '64302140086', 'จีรนันท์ กุละจันทร์เพ็ง', '38 หมู่ที่ 20 ถนน - ต.พันดอน อ.กุมภวาปี จ.อุดรธานี 41110', '0858399255', 10, 5),
(1149, '64302140087', 'ขวัญเรือน ทองฤทธิ์', '100 หมู่ที่ 10 ถนน - ต.หนองยอง อ.ปากคาด จ.บึงกาฬ 38190', '0657378495', 10, 5),
(1150, '64302140090', 'พิมพ์ผกา คำแสน', '173 หมู่ที่ 6 ต.หนองวัวซอ อ.หนองวัวซอ จ.อุดรธานี 41220', '0982065758', 10, 5),
(1151, '64302140103', 'โกมินทร์ คื้นดี', '38 หมู่ที่ 16 ถนน - ต.นากลาง อ.นากลาง จ.หนองบัวลำภู 39170', '094-6834654', 0, 0),
(1152, '64302140116', 'จิรกิตติ์ ศรีแก้ว', '12 หมู่ที่ 6 ต.หนองแสง อ.หนองแสง จ.อุดรธานี 41340', '0880594531', 10, 5),
(1153, '64302140120', 'กาญจนา นะรา', '46 หมู่ที่ 9 ต.โพธิ์ชัย อ.เมืองหนองบัวลำภู จ.หนองบัวลำภู 39000', '0982065758', 0, 0),
(1154, '64302140122', 'จุฑารัตน์ ดัดถุยาวัตร', '9 ต.บ้านเชียง อ.หนองหาน จ.อุดรธานี 41130', 'null', 0, 0),
(1155, '64309010001', 'อริสรา กุญชรน้อย', '94 หมู่ที่ 10 ต.เชียงเพ็ง อ.กุดจับ จ.อุดรธานี 41250', '082-2100536', 3, 1),
(1156, '64309010002', 'ณัฐวัตร ภูเงิน', '131/76 หมู่ที่ 5 ต.หนองบัว อ.เมืองอุดรธานี จ.อุดรธานี 41000', '083-6644750', 3, 1),
(1157, '64309010003', 'ณัฐพล บุญแสน', '41 หมู่ที่ 1 ต.บ้านขาว อ.เมืองอุดรธานี จ.อุดรธานี 41000', '096-7835491', 0, 0),
(1158, '64309010004', 'เกริกเกียรติ สิทธิสงค์', '122/4 ต.หมากแข้ง อ.เมืองอุดรธานี จ.อุดรธานี 41000', '41990304338', 3, 1),
(1159, '64309010005', 'ชัยธวัช ยศกุล', '4/2 หมู่ที่ 5 ต.กุมภวาปี อ.กุมภวาปี จ.อุดรธานี 41110', '093-3635576', 3, 1),
(1160, '64309010006', 'คิรากร วาปีศิริ', '8 หมู่ที่ 9 ต.กุดสระ อ.เมืองอุดรธานี จ.อุดรธานี 41000', '099-4615884', 3, 1),
(1161, '64309010007', 'ดวงฤทัย สุ่มมาตย์', '52 หมู่ที่ 9 ถนน - ต.ปะโค อ.กุดจับ จ.อุดรธานี 41250', '0847939981', 3, 1),
(1162, '64309010008', 'วุฒิกร มูลเสนา', '4 หมู่ที่ 3 ต.บ้านเลื่อม อ.เมืองอุดรธานี จ.อุดรธานี 41000', '086-2406785', 3, 1),
(1163, '64309010009', 'เกศฎาภรณ์ สีโย', '109 หมู่ที่ 10 ถนน - ต.โคกสะอาด อ.เมืองอุดรธานี จ.อุดรธานี 41000', '0934936845', 3, 1),
(1164, '64309010010', 'ธาริกา ทนทอง', '132 หมู่ที่ 4 ถนน - ต.เชียงเพ็ง อ.กุดจับ จ.อุดรธานี 41250', '0981485728', 3, 1),
(1165, '64309010011', 'ต่อตระกูล กงสีหา', '144/22 ต.หมากแข้ง อ.เมืองอุดรธานี จ.อุดรธานี 41000', '098-1828511', 3, 1),
(1166, '64309010012', 'จักรภัทร ฉิมไทย', '161 หมู่ที่ 8 ต.นากว้าง อ.เมืองอุดรธานี จ.อุดรธานี 41000', '087-2163868', 3, 1),
(1167, '64309010013', 'ศิลปากร โจกกลาง', '159 หมู่ที่ 11 ถนน อุดร-บ้านผือ ต.เขือน้ำ อ.บ้านผือ จ.อุดรธานี 41160', '-', 0, 0),
(1168, '64309010014', 'ภูวเดช สมสกุล', '511 หมู่ที่ 5 ถนน สืบศิริ ต.หนองจะบก อ.เมืองนครราชสีมา จ.นครราชสีมา 30000', '064-5199571', 0, 0),
(1169, '64309010015', 'วริทธิ์ธร นามสีนวน', '92 หมู่ที่ 9 ต.นาข่า อ.เมืองอุดรธานี จ.อุดรธานี 41000', '089-7116266', 3, 1),
(1170, '64309010016', 'ชาญพิชัยกฤต บุญมีประเสริฐ', '88/25 ต.หมากแข้ง อ.เมืองอุดรธานี จ.อุดรธานี 41000', '065-9416595', 3, 1),
(1171, '64309010017', 'วัชรพงษ์ วงค์ม่าน', '112 หมู่ที่ 2 ต.โนนสัง อ.โนนสัง จ.หนองบัวลำภู 39140', '098-1920015', 3, 1),
(1172, '64309010018', 'เอกสิทธิ์ ไตรวงษ์ย้อย', '411 หมู่ที่ 13 ต.สระใคร อ.สระใคร จ.หนองคาย 43100', '065-6693664', 0, 0),
(1173, '64309010019', 'ปองพล นภาโฮ', '21/8 หมู่ที่ - ถนน โพนพิสัย ต.หมากแข้ง อ.เมืองอุดรธานี จ.อุดรธานี 41000', 'null', 3, 1),
(1174, '64309010020', 'นิรธร บรรณจิรกุล', '103 หมู่ที่ 3 ถนน - ต.หนองขอนกว้าง อ.เมืองอุดรธานี จ.อุดรธานี 41000', '0619919295', 3, 1),
(1175, '64309010021', 'พิมพิกา สุโพธิ์', '36 หมู่ที่ 2 ถนน - ต.โพธิ์ศรีสำราญ อ.โนนสะอาด จ.อุดรธานี 41240', '0840084936', 3, 2),
(1176, '64309010022', 'อรพรรณ สะภา', '48 หมู่ที่ 7 ถนน - ต.วังสามหมอ อ.วังสามหมอ จ.อุดรธานี 41280', '0952174312', 3, 2),
(1177, '64309010023', 'ณัฐวุฒิ เสนานอก', '46/19 หมู่ที่ - ถนน สี่ศรัทธา ต.หมากแข้ง อ.เมืองอุดรธานี จ.อุดรธานี 41000', '0611108199', 3, 2),
(1178, '64309010024', 'ชินกฤต ศุภกิจจารักษ์', '99/20 หมู่ที่ 4 ถนน - ต.หมากแข้ง อ.เมืองอุดรธานี จ.อุดรธานี 41000', '0945293822', 0, 0),
(1179, '64309010025', 'กัลยา อุตระศรี', '93 หมู่ที่ 11 ถนน - ต.กุดหมากไฟ อ.หนองวัวซอ จ.อุดรธานี 41220', '0880272285', 3, 2),
(1180, '64309010026', 'ธนพจน์ สังข์คร', '20 หมู่ที่ 5 ถนน - ต.หนองวัวซอ อ.หนองวัวซอ จ.อุดรธานี 41220', '0832538355', 3, 2),
(1181, '64309010028', 'ยศวรรธน์ โสภณ', '105/2 หมู่ที่ 2 ถนน - ต.หมากแข้ง อ.เมืองอุดรธานี จ.อุดรธานี 41000', '0978688461', 0, 0),
(1182, '64309010029', 'ญาณิศา ไชยสร', '269 หมู่ที่ 12 ถนน - ต.โคกกลาง อ.เพ็ญ จ.อุดรธานี 41150', '0821116158', 0, 0),
(1183, '64309010030', 'พงศ์ศักดา ช่วยแสง', '61 หมู่ที่ 8 ถนน - ต.หนองบัวบาน อ.หนองวัวซอ จ.อุดรธานี 41220', '087-0907759', 0, 0),
(1184, '64309010031', 'สุริยา โพธิพาน', '79/3 หมู่ที่ 10 ถนน - ต.นิคมสงเคราะห์ อ.เมืองอุดรธานี จ.อุดรธานี 41000', '0644934523', 0, 0),
(1185, '64309010032', 'ศุภโชค ขันคำ', '61 หมู่ที่ 8 ถนน - ต.พราน อ.ขุนหาญ จ.ศรีสะเกษ 33150', '0875435428', 0, 0),
(1186, '64309010033', 'กุลธิดา ปิตตะนะ', '56 หมู่ที่ 11 ถนน - ต.กุดหมากไฟ อ.หนองวัวซอ จ.อุดรธานี 41220', '0651026905', 3, 2),
(1187, '64309010034', 'วุฒิพงษ์ วรรณพราหมณ์', '285 หมู่ที่ 3 ถนน - ต.หนองหญ้าไซ อ.วังสามหมอ จ.อุดรธานี 41280', '085-5913130', 3, 2),
(1188, '64309010035', 'ศศิภา เทียมราช', '327 หมู่ที่ 17 ถนน - ต.สว่างแดนดิน อ.สว่างแดนดิน จ.สกลนคร 47110', '0818715561', 3, 2),
(1189, '64309010036', 'แดเนียล ธงไชย ไลช์ท', '84/2 หมู่ที่ 6 ถนน - ต.กุดสะเทียน อ.ศรีบุญเรือง จ.หนองบัวลำภู 39180', '0868668612', 3, 2),
(1190, '64309010037', 'ธราเทพ ธาดา', '11/24 หมู่ที่ - ถนน - ต.หมากแข้ง อ.เมืองอุดรธานี จ.อุดรธานี 41000', '0842608884', 3, 2),
(1191, '64309010038', 'กิตตินันท์ กองอุดม', '555/14 หมู่ที่ 3 ถนน - ต.หมากแข้ง อ.เมืองอุดรธานี จ.อุดรธานี 41000', '061-1615997', 0, 0),
(1192, '64309010040', 'ภัทรสวันต์ ศรีทัด', '140/17 หมู่ที่ 4 ถนน - ต.หนองบัว อ.เมืองอุดรธานี จ.อุดรธานี 41000', 'null', 0, 0),
(1193, '64309010041', 'วรรธนัย โคตรศรีวงษ์', '117/2 หมู่ที่ 1 ถนน - ต.บ้านเลื่อม อ.เมืองอุดรธานี จ.อุดรธานี 41000', '0816619780', 3, 2),
(1194, '64309010042', 'วุฒิชัย โพธิสัตย์', '10 หมู่ที่ 1 ถนน - ต.ผาสุก อ.กุมภวาปี จ.อุดรธานี 41110', '0861108538', 3, 2),
(1195, '64309010043', 'ประสิทธิชัย จำปาเทศ', '57 หมู่ที่ 19 ถนน - ต.พันดอน อ.กุมภวาปี จ.อุดรธานี 41110', '0885347741', 3, 2),
(1196, '64309010044', 'ทักสิทธิ์ แสงสติ', '146 หมู่ที่ 3 ถนน - ต.หมูม่น อ.เมืองอุดรธานี จ.อุดรธานี 41000', '0971247229', 0, 0),
(1197, '64309010045', 'อัคนี สุขวงศ์', '388 หมู่ที่ 4 ถนน - ต.ท่าบ่อ อ.ท่าบ่อ จ.หนองคาย 43110', '0803076893', 0, 0),
(1198, '64309010046', 'ปองธรรม หันตุลา', '178 หมู่ที่ 9 ถนน - ต.อูบมุง อ.หนองวัวซอ จ.อุดรธานี 41220', '0843590863', 3, 2),
(1199, '64309010047', 'อัคครเดช วิบูลย์กุล', '96 หมู่ที่ 1 ถนน - ต.สีออ อ.กุมภวาปี จ.อุดรธานี 41110', '0621837825', 3, 2),
(1200, '64309010048', 'อนุภัทร พันเทศ', '143 หมู่ที่ 1 ถนน - ต.คำแมด อ.ซำสูง จ.ขอนแก่น 40170', '0883212650', 0, 0),
(1201, '64309010049', 'ธนโชติ ปัชชมูลตรี', '55 หมู่ที่ 1 ถนน - ต.วังทอง อ.บ้านดุง จ.อุดรธานี 41190', '0656723965', 3, 2),
(1202, '64309010050', 'อภิวัฒน์ ศิลา', '29/1 หมู่ที่ 3 ถนน - ต.คอกกระบือ อ.เมืองสมุทรสาคร จ.สมุทรสาคร 74000', '0630050744', 3, 2),
(1203, '64309010051', 'ชุติพนธ์ ชะนะบุญ', '18 หมู่ที่ 7 ถนน - ต.กุดหมากไฟ อ.หนองวัวซอ จ.อุดรธานี 41220', '0923713569', 0, 0),
(1204, '64309010052', 'วิลาวัณ ไชยมณี', '374 หมู่ที่ 11 ถนน - ต.เชียงยืน อ.เมืองอุดรธานี จ.อุดรธานี 41000', '0934104658', 0, 0),
(1205, '64309010053', 'อนุรักษ์ เรียงไข', '15/16 ถนน เบญจางค์ ต.หมากแข้ง อ.เมืองอุดรธานี จ.อุดรธานี 41000', '0809784674', 0, 0);

-- --------------------------------------------------------

--
-- Table structure for table `subjecttbl`
--

CREATE TABLE `subjecttbl` (
  `subject_id` int(11) NOT NULL,
  `subject_name` varchar(255) DEFAULT NULL,
  `subject_des` varchar(255) NOT NULL
) ENGINE=InnoDB DEFAULT CHARSET=utf8 COLLATE=utf8_general_ci;

--
-- Dumping data for table `subjecttbl`
--

INSERT INTO `subjecttbl` (`subject_id`, `subject_name`, `subject_des`) VALUES
(1, 'คอมพิวเตอร์เบื้องต้น 1', 'ปวช.'),
(2, 'คอมพิวเตอร์เบื้องต้น 2', 'ปวช.'),
(3, 'คอมพิวเตอร์เบื้องต้น 3', 'ปวช.'),
(4, 'หลักการออกแบบระบบ 1', 'ปวช.'),
(5, 'หลักการออกแบบระบบ 2', 'ปวช.'),
(6, 'หลักการออกแบบระบบ 3', 'ปวช.'),
(7, 'ฐานข้อมูลเบื้องต้น 1', 'ปวช.'),
(8, 'ฐานข้อมูลเบื้องต้น 2', 'ปวช.'),
(9, 'คณิตศาสตร์คอมพิวเตอร์ 1', 'ปวช.'),
(10, 'คณิตศาสตร์คอมพิวเตอร์ 2', 'ปวส.'),
(11, 'การเขียนโปรแกรมด้วยภาษา Python', 'ปวช. / ปวส.'),
(12, 'การเขียนโปรแกรมด้วยภาษา C และ C++', 'ปวช. / ปวส.'),
(13, 'หลักการออกแบบระบบ 1', 'ปวช. / ปวส.'),
(14, 'หลักการออกแบบระบบ 2', 'ปวช. / ปวส.'),
(15, 'หลักการออกแบบระบบ 3', 'ปวช. / ปวส.'),
(16, 'การสร้างฐานข้อมูลด้วยภาษา SQL', 'ปวช. / ปวส.'),
(17, 'การออกแบบกราฟิกและแอนิเมชั่น 1', 'ปวช. / ปวส.'),
(18, 'การออกแบบกราฟิกและแอนิเมชั่น 2', 'ปวช. / ปวส.'),
(19, 'การออกแบบกราฟิกและแอนิเมชั่น 3', 'ปวช. / ปวส.'),
(20, 'การพัฒนาโปรแกรมบนอุปกรณ์เคลื่อนที่ 1', 'ปวช. / ปวส.'),
(21, 'การพัฒนาโปรแกรมบนอุปกรณ์เคลื่อนที่ 2', 'ปวช. / ปวส.'),
(22, 'ระบบเครือข่ายเบื้องต้น 1', 'ปวช. / ปวส.'),
(23, 'ระบบเครือข่ายเบื้องต้น 2', 'ปวช. / ปวส.'),
(24, 'การใช้โปรแกรมสำนักงานเบื้องต้น 1', 'ปวช. / ปวส.'),
(25, 'การใช้โปรแกรมสำนักงานเบื้องต้น 2', 'ปวช. / ปวส.'),
(26, 'การสร้างเกม 1', 'ปวช. / ปวส.'),
(27, 'การสร้างเกม 2', 'ปวช. / ปวส.'),
(28, 'ฝึกงาน', 'ปวช. / ปวส.'),
(29, 'กิจกรรมสถานประกอบการ 1', 'ปวช. / ปวส.'),
(30, 'กิจกรรมสถานประกอบการ 2', 'ปวช. / ปวส.'),
(31, 'กิจกรรมสถานประกอบการ 3', 'ปวช.');

-- --------------------------------------------------------

--
-- Table structure for table `users`
--

CREATE TABLE `users` (
  `u_id` int(11) NOT NULL,
  `id_card` varchar(13) DEFAULT NULL,
  `username` varchar(255) DEFAULT NULL,
  `email` varchar(255) DEFAULT NULL,
  `pwd` varchar(20) DEFAULT NULL,
  `fname` varchar(255) DEFAULT NULL,
  `lname` varchar(255) DEFAULT NULL,
  `permission` int(11) NOT NULL,
  `img` text NOT NULL
) ENGINE=InnoDB DEFAULT CHARSET=utf8 COLLATE=utf8_general_ci;

--
-- Dumping data for table `users`
--

INSERT INTO `users` (`u_id`, `id_card`, `username`, `email`, `pwd`, `fname`, `lname`, `permission`, `img`) VALUES
(1, '3626299495765', 'k.raksawong', 'k@gmail.com', '123', 'Kittichai', 'Raksawong', 1, 'LINE_ALBUM_รูปนักศึกษาสุดหล่อ+สุดสวย ปวช.22_๒๒๑๒๐๙_15.jpg'),
(26, '1011103382291', 't.teerasak', 't@gmail.com', '123456', 'Teerasak', 'TP', 1, ''),
(27, '1134095776622', 'c.chanakan', 'c@gmail.com', '1234', 'Chanakan', 'JM', 1, ''),
(28, '1413818936484', 'b.bongkot', 'b@gmail.com', 'abc', 'Bongkotphetr', 'Lnwza007', 1, ''),
(29, '1413818936445', 'K.kacha', 'k2@gmail.com', '1233333', 'Kacha', 'Julek', 1, ''),
(30, 'admin', 'admin', 'admin@gmail.com', 'admin', 'Techasit', 'Admin', 2, ''),
(42, 'usr', 'k.kittichai', '64209010030@gmail.com', '1234', 'User', 'Demo', 0, 'LINE_ALBUM_รูปนักศึกษาสุดหล่อ+สุดสวย ปวช.22_๒๒๑๒๐๙_15.jpg'),
(71, '1254363358912', 'Chanacum', '', '1234', '', '', 1, '30.jpg');

--
-- Indexes for dumped tables
--

--
-- Indexes for table `news`
--
ALTER TABLE `news`
  ADD PRIMARY KEY (`n_id`);

--
-- Indexes for table `stdtbl`
--
ALTER TABLE `stdtbl`
  ADD PRIMARY KEY (`std_id`);

--
-- Indexes for table `subjecttbl`
--
ALTER TABLE `subjecttbl`
  ADD PRIMARY KEY (`subject_id`);

--
-- Indexes for table `users`
--
ALTER TABLE `users`
  ADD PRIMARY KEY (`u_id`);

--
-- AUTO_INCREMENT for dumped tables
--

--
-- AUTO_INCREMENT for table `news`
--
ALTER TABLE `news`
  MODIFY `n_id` int(11) NOT NULL AUTO_INCREMENT;

--
-- AUTO_INCREMENT for table `subjecttbl`
--
ALTER TABLE `subjecttbl`
  MODIFY `subject_id` int(11) NOT NULL AUTO_INCREMENT, AUTO_INCREMENT=32;

--
-- AUTO_INCREMENT for table `users`
--
ALTER TABLE `users`
  MODIFY `u_id` int(11) NOT NULL AUTO_INCREMENT, AUTO_INCREMENT=72;
COMMIT;

/*!40101 SET CHARACTER_SET_CLIENT=@OLD_CHARACTER_SET_CLIENT */;
/*!40101 SET CHARACTER_SET_RESULTS=@OLD_CHARACTER_SET_RESULTS */;
/*!40101 SET COLLATION_CONNECTION=@OLD_COLLATION_CONNECTION */;
